x001,x002,x003,x004,x005,x006,x007,x008,x009,x010,x011,x012,x013,x014,x015,x016,x017,x018,x019,x020,x021,x022,x023,x024,x025,x026,x027,x028,x029,x030,x031,x032,x033,x034,x035,x036,x037,x038,x039,x040,x041,x042,x043,x044,x045,x046,x047,x048,x049,x050,x051,x052,x053,x054,x055,x056,x057,x058,x059,x060,x061,x062,x063,x064,x065,x066,x067,x068,x069,x070,x071,x072,x073,x074,x075,x076,x077,x078,x079,x080,x081,x082,x083,x084,x085,x086,x087,x088,x089,x090,x091,x092,x093,x094,x095,x096,x097,x098,x099,x100,x101,x102,x103,x104,x105,x106,x107,x108,x109,x110,x111,x112,x113,x114,x115,x116,x117,x118,x119,x120,x121,x122,x123,x124,x125,x126,x127,x128,x129,x130,x131,x132,x133,x134,x135,x136,x137,x138,x139,x140,x141,x142,x143,x144,x145,x146,x147,x148,x149,x150,x151,x152,x153,x154,x155,x156,x157,x158,x159,x160,x161,x162,x163,x164,x165,x166,x167,x168,x169,x170,x171,x172,x173,x174,x175,x176,x177,x178,x179,x180,x181,x182,x183,x184,x185,x186,x187,x188,x189,x190,x191,x192,x193,x194,x195,x196,x197,x198,x199,x200,x201,x202,x203,x204,x205,x206,x207,x208,x209,x210,x211,x212,x213,x214,x215,x216,x217,x218,x219,x220,x221,x222,x223,x224,x225,x226,x227,x228,x229,x230,x231,x232,x233,x234,x235,x236,x237,x238,x239,x240,x241,x242,x243,x244,x245,x246,x247,x248,x249,x250,x251,x252,x253,x254,x255,x256,x257,x258,x259,x260,x261,x262,x263,x264,x265,x266,x267,x268,x269,x270,x271,x272,x273,x274,x275,x276,x277,x278,x279,x280,x281,x282,x283,x284,x285,x286,x287,x288,x289,x290,x291,x292,x293,x294,x295,x296,x297,x298,x299,x300,x301,x302,x303,x304,y
1540332,,,,8,1,0,1,0,0,0,0,0,0,1,0,1,1,0,1,0,1,0,0,0,0,1,0,0,1,2,0,0,0,1,1,0,0,0,1,,0,0,300,300,0,0,0,0,0,0,0,0,0,0,0,,,0,0,0,0,0,0,0,0,0,0,0,0,0,0,0,0,0,0,0,0,0,0,0,0,0,0,0,0,0,0,0,0,0,0,0,0,0,0,0,,0,0,0,0,0,0,0,0,0,0,0,0,0,0,0,0,0,0,0,0,0,0,0,0,0,0,0,0,0,0,0,0,0,0,0,0,0,0,0,0,0,0,0,0,0,0,0,0,0,,0,0,0,0,0,0,,0,0,0,0,0,0,,0,0,0,0,0,0,0,0,0,0,0,0,0,0,0,0,0,0,0,0,0,0,0,0,0,0,0,0,0,0,0,0,0,0,0,0,0,0,0,0,0,0,0,0,0,0,0,0,0,0,0,0,0,0,0,0,0,0,0,,,0,0,0,0,0,0,0,0,1,0,0,300,0,,,,0,0,,0,0,1,1,1,0,0,0,0,0,,0,,,,0,,0,0,0,0,0,,,,,0,0,0,0.0000,0,0,,0,0,0,0,0,0,1,1,1,0,0,,,,,0,0,,0,,0,,0,0,0,0,,0,,706
823066,4,3,3,4,0,2,2,0,0,0,0,0,0,2,2,0,2,2,0,0,0,0,2,0,1,0,0,1,0,14,7,8,10,11,8,1,2,4,5,,0,0,,,0,0,0,0,0,0,0,0,0,0,0,,,8,0,1,1,2,4,8,0,0,0,0,0,0,0,7,0,22375,0,0,0,0,0,0,0,0,0,0,0,0,0,0,0,0,0,0,0,0,0,0,,0,0,0,0,0,0,0,0,0,0,0,0,0,0,0,0,0,0,0,0,0,0,0,0,0,0,0,0,0,0,0,0,0,0,0,0,0,0,0,0,0,0,0,0,0,0,0,0,0,,0,0,0,0,0,0,,0,0,0,0,0,0,1,0,0,0,0,0,0,0,0,0,0,0,0,0,0,0,0,0,0,0,0,0,0,0,0,0,0,0,0,0,0,0,0,0,0,0,0,0,0,0,0,0,0,0,0,0,0,0,0,0,0,0,0,0,0,0,0,0,0,0,,,0,0,0,0,0,0,0,0,0,0,,,0,,,,0,0,,0,0,0,0,0,0,0,0,0,0,,0,,,,0,,0,0,0,1,4582,4,4,4.0000,0.9256,1,1,1,0.9339,5206,0,,0,0,0,5206,0,5206,1,1,1,2,0,1,4,3,3.5000,5206,5206,0.9339,0,,5206,0.9339,1,1,1,0,,0,,558
1089795,,,,96,1,0,0,0,1,3,4,1,0,9,0,9,2,0,9,0,2,0,0,0,0,1,0,0,3,4,0,0,0,0,1,0,0,0,0,,0,0,1800,200,0,0,0,0,0,0,0,0,0,0,2,,,3,0,0,0,0,0,3,0,0,0,0,0,0,0,0,0,3287,1,0,0,0,0,0,1,0,0,0,0,0,0,0,0,0,0,0,0,0,0,0,106,0,0,0,0,0,0,0,0,0,0,0,0,0,0,0,0,0,0,0,0,0,0,0,0,0,0,0,0,0,0,0,0,0,0,0,0,0,0,0,0,0,0,0,0,0,0,0,0,0,,0,0,0,0,0,0,,0,0,0,0,0,0,,0,0,0,0,0,5,0,0,0,0,5,3,0,0,0,0,3,0,0,0,0,0,0,0,0,0,0,0,0,0,0,0,0,0,0,0,0,0,0,0,0,0,0,0,0,0,0,0,0,0,0,0,0,0,0,0,0,0,0,,,0,0,0,0,0,0,0,0,0,1613,1026,1800,0,,,,5,0,,0,0,1,1,1,0,0,0,0,0,,0,,,,0,,0,0,0,0,0,,,,,0,0,0,0.2281,1613,1613,0.4814,0,0,0,0,0,0,1,1,1,0,0,,,,,0,0,,0,,0,,0,0,0,0,,0,,577
1147758,63,14,38,258,0,0,0,1,2,1,1,1,1,7,2,5,5,2,4,1,3,1,3,0,0,1,0,0,3,1,0,0,1,1,1,0,0,1,1,1.5200,300,-156,4000,100,0,0,0,0,0,0,0,0,0,0,2,1.5200,1.5200,5,0,0,0,0,5,5,3,0,0,0,0,3,3,5,3,684,1,0,0,0,0,0,0,0,0,0,0,0,0,0,0,1,1,0,0,0,0,0,101,1,1,0,0,0,0,0,2,2,0,0,0,5,2,4,5,5,5,2,4,5,5,5,0,0,0,0,0,0,0,0,0,0,0,0,0,0,0,0,0,0,0,0,0,0,0,0,0,1,2,0,1,1,1,1,0,,0,0,0,0,0,0,,0,0,0,0,0,0,0,0,0,0,0,0,0,0,0,0,0,0,3,2,0,0,1,9,3,6,7,7,7,5,8,9,9,9,1,1,1,1,1,2,2,2,2,2,1,1,1,1,1,1,1,1,1,1,0,0,0,0,0,1.0000,1.0000,0,0,0,0,0,0,0,0,0,4796,4340,4000,-156,14,14,14.0000,2,1,1.5200,456,1,1,1,1,0,1,1,1,0,2,1,63,63,63.0000,57762,0.8231,1,1,1,0,0,,,,,0,0,0,0.8204,62558,4796,1.1153,1,2,2,58218,58218,0,1,1,1,1,0,2,63,63,63.0000,57762,57762,0.8231,57762,0.8231,0,,1,1,1,0,,0,,526
1229670,34,25,29,34,1,0,0,0,3,0,0,0,0,3,2,1,2,1,3,2,2,1,0,0,0,1,0,0,1,1,0,0,0,0,1,0,0,0,0,0.2111,900,710,1000,300,1,0,0,0,0,0,1,0,0,0,0,0.6200,0.0066,7,0,1,1,3,7,7,1,0,0,0,0,1,1,3,1,2810,0,0,0,0,0,0,0,0,0,0,0,0,0,0,0,0,0,0,0,0,0,0,,1,1,0,0,0,0,0,2,2,0,0,0,2,0,1,2,2,2,0,1,2,2,2,0,0,0,0,0,0,0,0,0,0,0,0,0,0,0,0,0,0,0,0,0,0,0,0,0,0,,0,0,0,0,0,0,,0,0,0,0,0,0,,0,0,0,0,0,1,0,1,1,1,1,1,0,1,1,1,1,0,2,2,0,0,0,2,0,1,2,2,2,0,1,2,2,2,0,0,0,0,0,0,0,0,0,0,0,0,0,0,0,0,0,0,0,0,0,0,0,0,0,1.0000,1.0000,0,0,0,0,0,0,0,0,0,190,186,1000,710,34,25,29.5000,3,1,0.6200,186,1,1,1,1,0,0,0,0,0,,0,,,,0,,0,0,0,0,0,,,,,0,0,0,0.1000,190,186,0.1430,1,1,1,190,190,0,1,1,1,0,0,,,,,0,0,,0,,0,,0,0,0,0,,0,,496
1292282,,,,126,0,0,0,0,0,1,0,0,2,3,0,3,2,0,1,0,1,0,2,0,1,0,0,2,0,1,0,0,1,1,1,0,0,1,1,,0,0,200,200,0,0,0,0,0,0,0,0,0,0,1,,,3,0,0,0,0,3,3,0,0,0,0,0,0,0,0,0,423,0,0,0,0,0,0,0,0,0,0,0,0,0,0,0,0,0,0,0,0,0,0,,0,0,0,0,0,0,0,0,0,0,0,0,0,0,0,0,0,0,0,0,0,0,0,0,0,0,0,0,0,0,0,0,0,0,0,0,0,0,0,0,0,0,0,0,0,0,0,0,0,,0,0,0,0,0,0,,0,0,0,0,0,0,,0,0,0,0,0,1,0,0,0,0,1,0,0,0,0,0,0,0,1,1,0,0,0,10,0,0,0,3,9,0,0,0,3,9,0,0,0,0,0,0,0,0,0,0,0,0,0,0,0,0,0,0,0,0,0,0,0,0,0,,,0,0,0,0,0,0,0,0,0,319,319,200,0,,,,1,0,,0,0,1,1,1,0,0,0,0,0,,0,,,,0,,0,0,0,0,0,,,,,0,0,0,0.0100,319,319,0.0178,0,0,0,0,0,0,1,1,1,0,0,2,,,,0,0,,0,,0,,0,0,0,0,,0,,528
915987,53,11,27,53,0,0,1,3,1,4,0,0,0,9,8,1,3,3,7,7,2,2,2,0,1,1,0,2,6,11,0,0,1,5,7,0,0,1,3,0.8648,6800,919,3500,300,0,0,0,0,1,0,0,0,2,3,1,1.1533,0.4020,0,0,0,0,0,0,0,0,0,0,0,0,0,0,0,0,0,0,0,0,0,0,0,0,0,0,0,0,0,0,0,0,0,0,0,0,0,0,0,,0,0,0,0,0,0,0,0,0,0,0,0,0,0,0,0,0,0,0,0,0,0,0,0,0,0,0,0,0,0,0,0,0,0,0,0,0,0,0,0,0,0,0,0,0,0,0,0,0,1,0,0,0,0,0,0,,0,0,0,0,0,0,1,0,0,0,0,0,1,1,1,1,1,1,0,0,0,0,0,0,0,0,0,0,0,0,0,0,0,0,0,0,0,0,0,0,0,0,0,0,0,0,0,0,0,0,0,0,0,0,0,0,0,0,0,0,0,0,0,0,0,0,1.0000,1.0000,2,1,1,0,0,0,0,0,1,5881,2947,3500,919,53,11,27.0000,0,0,,0,1,1,1,1,0,0,0,0,0,,0,,,,0,,0,0,0,1,25031,27,27,27.0000,0.8225,1,1,1,0.5250,40911,9999,0.2457,0,0,0,30912,0,30912,1,1,1,1,0,9,27,27,27.0000,25031,25031,0.8225,0,,25031,0.8225,1,1,1,0,,0,,551
1564237,76,7,36,107,0,0,2,3,3,2,6,1,0,17,14,3,3,3,5,2,2,2,12,0,0,1,0,0,3,0,0,0,0,0,0,0,0,0,0,0.5766,600,254,300,200,0,0,0,0,1,0,0,1,0,0,0,0.7233,0.4299,2,0,1,1,2,2,2,0,0,0,0,0,0,0,2,0,1299,0,0,0,0,0,0,0,0,0,0,0,0,0,0,0,0,0,0,0,0,0,0,,0,0,0,0,0,0,0,1,1,0,0,0,1,0,1,1,1,1,0,1,1,1,1,0,0,0,0,0,0,0,0,0,0,0,0,0,0,0,0,0,0,0,0,0,0,0,0,0,0,1,0,0,0,0,0,0,,0,0,0,0,0,0,,0,0,0,0,0,1,0,0,0,0,0,0,0,0,0,0,0,0,2,2,0,0,0,3,0,1,1,1,1,0,1,1,1,1,0,0,0,0,0,0,0,0,0,0,0,0,0,0,0,0,0,0,0,0,0,0,0,0,0,1.0000,1.0000,0,0,0,0,0,0,0,0,0,346,217,300,254,24,12,18.0000,3,0,,0,1,1,1,1,0,0,0,0,0,,0,,,,0,,0,0,0,0,0,,,,,0,0,0,1.0311,53449,0,0.0000,0,0,0,53449,129,53320,1,1,1,12,0,1,76,7,39.6666,53103,53103,1.0528,0,,53103,1.0528,1,1,1,0,1,53103,1.0528,607
921618,23,0,9,73,0,2,4,1,1,0,1,0,0,7,3,4,5,3,4,3,3,3,3,0,1,1,0,1,3,8,2,3,4,4,7,1,2,3,3,0.5852,8750,3629,6500,500,1,0,0,0,0,0,0,1,0,0,0,0.7864,0.0000,0,0,0,0,0,0,0,0,0,0,0,0,0,0,0,0,0,0,0,0,0,0,0,0,0,0,0,0,0,0,0,0,0,0,0,0,0,0,0,,0,0,0,0,0,0,0,0,0,0,0,0,0,0,0,0,0,0,0,0,0,0,0,0,0,0,0,0,0,0,0,0,0,0,0,0,0,0,0,0,0,0,0,0,0,0,0,0,0,1,0,0,0,0,0,0,,0,0,0,0,0,0,,0,0,0,0,0,1,0,0,0,0,1,0,0,0,0,0,0,0,0,0,0,0,0,0,0,0,0,0,0,0,0,0,0,0,0,0,0,0,0,0,0,0,0,0,0,0,0,0,0,0,0,0,0,0,0,0,0,0,0,0.6666,0.6666,2,1,1,1,0,0,1,2,3,5121,5112,6500,3629,23,0,9.3333,0,0,,0,1,1,1,1,0,0,0,0,0,,0,,,,0,,0,0,0,0,0,,,,,0,0,0,0.1589,5121,0,0.0000,0,0,0,5121,0,5121,1,1,1,0,0,9,,,,0,0,,0,,0,,0,1,1,0,,0,,653
1367529,164,18,53,179,0,0,0,4,1,1,0,2,6,14,7,7,8,6,7,4,3,3,4,1,1,1,1,4,3,3,0,0,0,0,2,0,0,0,0,0.7424,58100,14965,74500,100,0,0,1,0,0,0,1,0,1,1,1,1.0108,0.2175,7,0,0,2,4,7,7,1,0,0,1,1,1,1,6,0,7130,0,0,0,0,0,0,0,0,0,0,0,0,0,0,0,0,0,0,0,0,0,0,,0,0,0,0,0,0,0,2,1,1,0,0,5,0,4,4,4,4,1,5,5,5,5,1,1,1,1,1,1,1,1,1,1,0,0,0,0,0,0,0,0,0,0,0,0,0,0,0,0,1,0,0,0,0,0,0,,0,0,0,0,0,0,3,1,3,3,3,3,0,0,0,0,0,0,0,0,0,0,0,0,0,6,5,1,0,0,19,0,4,4,6,10,1,5,5,7,11,1,1,1,1,1,1,1,1,1,1,0,0,0,0,0,0,0,0,0,0,0,0,0,0,0,1.0000,1.0000,2,2,2,1,0,0,0,0,0,13508,8810,9000,592,164,19,57.5000,2,0,,0,1,1,1,1,0,1,2,1,0,2,1,109,109,109.0000,29627,0.6733,1,1,1,1,34059,19,18,18.5000,0.6667,1,1,1,0.2410,77194,0,,0,0,1,77194,14607,62587,1,1,1,2,0,3,19,18,18.5000,34059,34059,0.6667,14520,0.5470,19539,0.7962,1,1,1,0,,0,,589
1278016,274,274,274,319,1,0,0,0,0,0,0,0,3,3,1,2,2,1,2,1,2,1,0,0,0,1,0,0,2,0,0,0,0,0,0,0,0,0,0,0.0456,25800,24622,25800,10000,1,0,0,0,0,0,0,0,0,0,0,0.0456,0.0456,0,0,0,0,0,0,0,0,0,0,0,0,0,0,0,0,0,0,0,0,0,0,0,0,0,0,0,0,0,0,0,0,0,0,0,0,0,0,0,,0,0,0,0,0,0,0,0,0,0,0,0,0,0,0,0,0,0,0,0,0,0,0,0,0,0,0,0,0,0,0,0,0,0,0,0,0,0,0,0,0,0,0,0,0,0,0,0,0,1,0,0,0,0,0,0,,0,0,0,0,0,0,,0,0,0,0,0,0,0,0,0,0,0,0,0,0,0,0,0,0,0,0,0,0,0,0,0,0,0,0,0,0,0,0,0,0,0,0,0,0,0,0,0,0,0,0,0,0,0,0,0,0,0,0,0,0,0,0,0,0,0,1.0000,1.0000,1,1,1,1,1,1,0,0,0,1178,1178,25800,24622,274,274,274.0000,0,0,,0,1,1,1,1,0,0,0,0,0,,0,,,,0,,0,0,0,0,0,,,,,0,0,0,0.0328,1178,0,,0,0,0,1178,0,1178,1,1,1,0,0,,,,,0,0,,0,,0,,0,0,0,0,,0,,793
1666563,9,2,5,9,0,2,3,0,0,0,0,0,0,3,3,0,1,1,3,3,1,1,0,0,0,1,0,0,3,3,0,1,3,3,2,0,1,2,2,0.8512,1600,238,700,400,0,0,0,0,0,0,0,2,0,1,0,0.9185,0.7974,0,0,0,0,0,0,0,0,0,0,0,0,0,0,0,0,0,0,0,0,0,0,0,0,0,0,0,0,0,0,0,0,0,0,0,0,0,0,0,,0,0,0,0,0,0,0,0,0,0,0,0,0,0,0,0,0,0,0,0,0,0,0,0,0,0,0,0,0,0,0,0,0,0,0,0,0,0,0,0,0,0,0,0,0,0,0,0,0,1,0,0,0,0,0,0,,0,0,0,0,0,0,,0,0,0,0,0,0,0,0,0,0,0,0,0,0,0,0,0,0,0,0,0,0,0,0,0,0,0,0,0,0,0,0,0,0,0,0,0,0,0,0,0,0,0,0,0,0,0,0,0,0,0,0,0,0,0,0,0,0,0,1.0000,1.0000,0,0,0,0,0,0,1,2,3,1362,643,700,238,9,2,5.3333,0,0,,0,1,1,1,1,0,0,0,0,0,,0,,,,0,,0,0,0,0,0,,,,,0,0,0,0.8512,1362,0,,0,0,0,1362,0,1362,1,1,1,0,0,,,,,0,0,,0,,0,,0,0,0,0,,0,,610
921214,,,,229,0,0,0,0,0,2,2,1,6,11,0,11,5,0,2,0,1,0,9,0,1,0,0,3,0,4,0,0,1,1,4,0,0,1,1,,0,0,250,250,0,0,0,0,0,0,0,0,0,0,0,,,26,0,0,1,4,13,22,3,0,0,1,1,1,1,18,1,24437,3,0,0,0,1,2,0,0,0,0,0,0,0,1,0,0,0,0,0,0,0,3,35,0,0,0,0,0,0,0,0,0,0,0,0,0,0,0,0,0,0,0,0,0,0,0,0,0,0,0,0,0,0,0,0,0,0,0,0,0,0,0,0,0,0,0,0,0,0,0,0,0,,0,0,0,0,0,0,,0,0,0,0,0,0,,0,0,0,0,0,2,0,0,0,0,2,0,0,0,0,0,0,0,0,0,0,0,0,0,0,0,0,0,0,0,0,0,0,0,0,0,0,0,0,0,0,0,0,0,0,0,0,0,0,0,0,0,0,0,0,0,0,0,0,,,0,0,0,0,0,0,0,0,0,142,142,250,0,,,,2,0,,0,0,0,0,0,0,0,0,0,0,,0,,,,0,,0,0,0,0,0,,,,,0,0,0,0.0037,142,142,0.3622,0,0,0,0,0,0,0,0,0,0,0,1,,,,0,0,,0,,0,,0,0,0,0,1,0,,517
1188777,18,4,10,34,0,2,6,2,1,0,0,0,0,9,6,3,3,3,4,4,1,1,5,0,1,1,0,2,4,13,1,1,3,7,10,1,1,2,5,1.0297,1850,-55,750,300,0,0,0,0,0,0,0,0,0,2,2,1.1125,0.9266,5,0,0,0,0,1,4,0,0,0,0,0,0,0,4,0,2630,0,0,0,0,0,0,0,0,0,0,0,0,0,0,0,0,0,0,0,0,0,0,,1,1,0,0,0,0,0,0,0,0,0,0,0,0,0,0,0,0,0,0,0,0,0,0,0,0,0,0,0,0,0,0,0,0,0,0,0,0,0,0,0,0,0,0,0,0,0,0,0,1,0,0,0,0,0,0,,0,0,0,0,0,0,1,0,0,0,0,0,1,1,1,1,1,1,0,0,0,0,0,0,0,0,0,0,0,0,0,0,0,0,0,0,0,0,0,0,0,0,0,0,0,0,0,0,0,0,0,0,0,0,0,0,0,0,0,0,0,0,0,0,0,0,1.0000,1.0000,0,0,0,0,0,0,0,1,3,1905,738,750,-55,18,5,11.2500,0,0,,0,1,1,1,1,0,0,0,0,0,,0,,,,0,,0,0,0,1,13754,15,15,15.0000,0.8830,1,1,1,0.5742,16084,425,0.3035,1,1,1,16084,425,15659,1,1,1,2,1,9,15,4,9.5000,14179,14179,0.8765,425,0.7083,13754,0.8830,1,1,1,0,,0,,477
1341447,463,1,214,512,0,3,3,0,0,0,0,0,11,14,8,6,7,5,8,4,4,3,2,0,1,1,0,1,4,0,0,0,0,0,0,0,0,0,0,0.1194,50300,44292,110000,124,3,1,0,1,0,0,0,1,0,0,0,0.7912,0.0012,0,0,0,0,0,0,0,0,0,0,0,0,0,0,0,0,0,0,0,0,0,0,0,0,0,0,0,0,0,0,0,0,0,0,0,0,0,0,0,,0,0,0,0,0,0,0,0,0,0,0,0,0,0,0,0,0,0,0,0,0,0,0,0,0,0,0,0,0,0,0,0,0,0,0,0,0,0,0,0,0,0,0,0,0,0,0,0,0,1,0,0,0,0,0,0,,0,0,0,0,0,0,,0,0,0,0,0,0,0,0,0,0,0,0,0,0,0,0,0,0,0,0,0,0,0,0,0,0,0,0,0,0,0,0,0,0,0,0,0,0,0,0,0,0,0,0,0,0,0,0,0,0,0,0,0,0,0,0,0,0,0,1.0000,1.0000,4,3,3,3,2,1,1,2,2,2868,1867,25900,42108,463,5,293.3999,0,0,,0,1,1,1,1,0,1,1,0,0,1,0,,,,0,,0,0,1,0,0,,,,,0,0,0,0.0564,16059,0,,0,0,0,16059,0,16059,1,1,1,1,0,1,1,1,1.0000,9275,9275,0.9722,0,,9275,0.9722,1,1,1,0,,0,,835
1472835,,,,,0,0,0,0,0,0,0,0,0,0,0,0,0,0,0,0,0,0,0,0,0,0,0,0,0,11,3,4,5,8,7,1,2,3,5,,0,0,,,0,0,0,0,0,0,0,0,0,0,0,,,3,0,0,0,0,2,3,0,0,0,0,0,0,0,1,0,2538,0,0,0,0,0,0,0,0,0,0,0,0,0,0,0,0,0,0,0,0,0,0,,0,0,0,0,0,0,0,0,0,0,0,0,0,0,0,0,0,0,0,0,0,0,0,0,0,0,0,0,0,0,0,0,0,0,0,0,0,0,0,0,0,0,0,0,0,0,0,0,0,,0,0,0,0,0,0,,0,0,0,0,0,0,,0,0,0,0,0,0,0,0,0,0,0,0,0,0,0,0,0,0,0,0,0,0,0,0,0,0,0,0,0,0,0,0,0,0,0,0,0,0,0,0,0,0,0,0,0,0,0,0,0,0,0,0,0,0,0,0,0,0,0,,,0,0,0,0,0,0,0,0,0,0,,,0,,,,0,0,,0,0,0,0,0,0,0,0,0,0,,0,,,,0,,0,0,0,0,0,,,,,0,0,0,,0,0,,0,0,0,0,0,0,0,0,0,0,0,,,,,0,0,,0,,0,,0,0,0,0,,0,,517
1288605,,,,,0,0,0,0,0,0,0,0,0,0,0,0,0,0,0,0,0,0,0,0,0,0,0,0,0,5,0,2,3,4,2,0,1,2,2,,0,0,,,0,0,0,0,0,0,0,0,0,0,0,,,18,0,0,3,8,14,18,4,0,0,0,2,2,4,12,4,7948,1,0,0,0,1,1,0,0,0,0,0,0,0,1,0,0,0,0,0,0,0,1,30,0,0,0,0,0,0,0,0,0,0,0,0,0,0,0,0,0,0,0,0,0,0,0,0,0,0,0,0,0,0,0,0,0,0,0,0,0,0,0,0,0,0,0,0,0,0,0,0,0,,0,0,0,0,0,0,,0,0,0,0,0,0,,0,0,0,0,0,0,0,0,0,0,0,0,0,0,0,0,0,0,0,0,0,0,0,0,0,0,0,0,0,0,0,0,0,0,0,0,0,0,0,0,0,0,0,0,0,0,0,0,0,0,0,0,0,0,0,0,0,0,0,,,0,0,0,0,0,0,0,0,0,0,,,0,,,,0,0,,0,0,0,0,0,0,0,0,0,0,,0,,,,0,,0,0,0,0,0,,,,,0,0,0,,0,0,,0,0,0,0,0,0,0,0,0,0,0,,,,,0,0,,0,,0,,0,0,0,0,,0,,474
845976,126,6,60,327,0,0,1,0,0,3,2,1,8,15,7,8,6,5,10,4,3,3,2,1,1,1,3,2,7,0,0,0,0,0,0,0,0,0,0,0.8995,44000,4419,30000,300,0,0,1,1,1,0,0,0,0,2,0,0.9827,0.3599,3,0,0,0,0,3,3,0,0,0,0,0,0,0,3,0,627,0,0,0,0,0,0,0,0,0,0,0,0,0,0,0,0,0,0,0,0,0,0,,0,0,0,0,0,0,0,0,0,0,0,0,0,0,0,0,0,0,0,0,0,0,0,0,0,0,0,0,0,0,0,0,0,0,0,0,0,0,0,0,0,0,0,0,0,0,0,0,0,1,0,0,0,0,0,0,1,0,0,0,0,0,0,1,0,0,0,0,0,0,0,0,0,0,0,0,0,0,0,0,0,0,1,1,0,0,0,2,0,0,0,0,0,0,0,0,0,0,0,0,0,0,0,0,0,0,0,0,0,0,0,0,0,0,0,0,0,0,0,0,0,0,0,1.0000,1.0000,3,3,3,2,1,1,0,0,1,45313,29481,30000,4419,126,6,73.5000,0,0,,0,1,1,1,1,1,1,3,1,0,2,1,38,38,38.0000,247033,0.9501,0,1,1,1,8059,49,44,46.5000,0.2119,1,1,1,0.4281,300405,0,,0,0,0,294673,0,294673,1,1,1,2,0,1,49,44,46.5000,8059,255092,0.2119,0,,8059,0.2119,1,1,1,0,,0,,672
1384280,338,19,191,498,0,0,0,1,0,2,3,0,13,19,5,14,6,4,15,4,3,3,2,1,1,1,1,2,6,2,0,1,1,1,2,0,1,1,1,0.0029,49725,49576,23000,100,4,0,0,0,0,0,0,0,0,0,0,0.0242,0.0000,0,0,0,0,0,0,0,0,0,0,0,0,0,0,0,0,0,0,0,0,0,0,0,0,0,0,0,0,0,0,0,0,0,0,0,0,0,0,0,,0,0,0,0,0,0,0,0,0,0,0,0,0,0,0,0,0,0,0,0,0,0,0,0,0,0,0,0,0,0,0,0,0,0,0,0,0,0,0,0,0,0,0,0,0,0,0,0,0,1,0,0,0,0,0,0,,0,0,0,0,0,0,,0,0,0,0,0,0,0,0,0,0,0,0,0,0,0,0,0,0,0,0,0,0,0,0,0,0,0,0,0,0,0,0,0,0,0,0,0,0,0,0,0,0,0,0,0,0,0,0,0,0,0,0,0,0,0,0,0,0,0,0.7500,0.7500,4,3,3,3,2,1,0,0,0,146,75,23000,49379,292,19,155.0000,0,0,,0,1,1,1,1,0,1,1,0,0,1,0,,,,0,,0,0,0,0,0,,,,,0,0,0,0.0006,149,0,,0,0,0,149,0,149,1,1,1,0,0,1,,,,0,0,,0,,0,,0,0,0,0,,0,,831
1346076,29,17,26,29,0,0,0,1,3,0,0,0,0,4,4,0,2,2,0,0,0,0,4,0,1,0,0,1,0,1,0,0,0,0,1,0,0,0,0,,0,0,,,0,0,0,0,0,0,0,0,0,0,0,,,1,0,0,0,0,0,1,0,0,0,0,0,0,0,0,0,431,0,0,0,0,0,0,0,0,0,0,0,0,0,0,0,0,0,0,0,0,0,0,,0,0,0,0,0,0,0,0,0,0,0,0,0,0,0,0,0,0,0,0,0,0,0,0,0,0,0,0,0,0,0,0,0,0,0,0,0,0,0,0,0,0,0,0,0,0,0,0,0,,0,0,0,0,0,0,,0,0,0,0,0,0,1,0,0,0,0,0,0,0,0,0,0,0,0,0,0,0,0,0,0,0,0,0,0,0,0,0,0,0,0,0,0,0,0,0,0,0,0,0,0,0,0,0,0,0,0,0,0,0,0,0,0,0,0,0,0,0,0,0,0,0,,,0,0,0,0,0,0,0,0,0,0,,,0,,,,0,0,,0,0,0,0,0,0,0,0,0,0,,0,,,,0,,0,0,0,1,3216,17,17,17.0000,0.4700,1,1,1,0.8190,13385,0,,0,0,0,13385,0,13385,1,1,1,4,0,1,29,17,26.0000,13385,13385,0.8190,0,,13385,0.8190,1,1,1,0,1,10169,1.0704,600
1110375,15,15,15,37,0,0,0,3,2,1,0,0,0,6,1,5,2,1,0,0,0,0,6,0,1,0,0,3,0,11,0,0,1,6,7,0,0,1,4,,0,0,,,0,0,0,0,0,0,0,0,0,0,0,,,12,0,0,0,2,5,12,3,0,0,0,0,0,3,1,0,5701,6,0,0,1,3,5,0,0,0,0,0,0,0,1,1,0,0,0,0,0,0,4,9,0,0,0,0,0,0,0,0,0,0,0,0,0,0,0,0,0,0,0,0,0,0,0,0,0,0,0,0,0,0,0,0,0,0,0,0,0,0,0,0,0,0,0,0,0,0,0,0,0,,0,0,0,0,0,0,,0,0,0,0,0,0,,0,0,0,0,0,0,0,0,0,0,0,0,0,0,0,0,0,1,0,0,0,0,0,0,0,0,0,0,0,0,0,0,0,0,0,0,0,0,0,0,0,0,0,0,0,0,0,0,0,0,0,0,0,0,0,0,0,0,0,,,0,0,0,0,0,0,0,0,0,0,,,0,,,,0,0,,0,0,0,0,0,0,0,0,0,0,,0,,,,0,,0,0,0,0,0,,,,,0,0,0,0.1052,4313,3905,0.2310,0,0,0,408,0,408,0,1,1,1,0,8,15,15,15.0000,408,408,1.5875,0,,408,1.5875,0,1,1,0,,0,,511
890089,189,189,189,189,1,0,0,2,1,0,0,0,2,5,1,4,3,1,2,0,1,0,0,0,0,1,0,0,2,2,0,1,1,2,2,0,1,1,2,,0,0,300,300,0,0,0,0,0,0,0,0,0,0,1,,,1,0,0,0,0,0,1,0,0,0,0,0,0,0,0,0,1028,0,0,0,0,0,0,0,0,0,0,0,0,0,0,0,0,0,0,0,0,0,0,,0,0,0,0,0,0,0,0,0,0,0,0,0,0,0,0,0,0,0,0,0,0,0,0,0,0,0,0,0,0,0,0,0,0,0,0,0,0,0,0,0,0,0,0,0,0,0,0,0,,0,0,0,0,0,0,,0,0,0,0,0,0,,0,0,0,0,0,2,0,2,2,2,2,2,0,2,2,2,2,0,0,0,0,0,0,0,0,0,0,0,0,0,0,0,0,0,0,0,0,0,0,0,0,0,0,0,0,0,0,0,0,0,0,0,0,0,0,0,0,0,0,,,0,0,0,0,0,0,0,0,0,456,456,300,0,,,,2,0,,0,0,0,1,1,0,0,0,0,0,,0,,,,0,,0,0,0,0,0,,,,,0,0,0,13.2339,18104,456,0.7600,0,0,0,0,0,0,1,1,1,0,0,,,,,0,0,,0,,0,,0,0,0,0,,0,,480
411158,,,,276,1,0,0,0,1,1,0,3,5,10,0,10,3,0,10,0,3,0,0,0,0,1,0,0,6,0,0,0,0,0,0,0,0,0,0,,0,0,14300,100,0,0,0,0,0,0,0,0,0,0,0,,,0,0,0,0,0,0,0,0,0,0,0,0,0,0,0,0,0,0,0,0,0,0,0,0,0,0,0,0,0,0,0,0,0,0,0,0,0,0,0,,0,0,0,0,0,0,0,0,0,0,0,0,0,0,0,0,0,0,0,0,0,0,0,0,0,0,0,0,0,0,0,0,0,0,0,0,0,0,0,0,0,0,0,0,0,0,0,0,0,,0,0,0,0,0,0,,0,0,0,0,0,0,,0,0,0,0,0,0,0,0,0,0,0,0,0,0,0,0,0,0,3,3,0,0,0,3,0,0,0,2,3,0,0,0,2,3,0,0,0,0,0,0,0,0,0,0,0,0,0,0,0,0,0,0,0,0,0,0,0,0,0,,,0,0,0,0,0,0,0,0,0,0,0,14300,0,,,,3,0,,0,0,1,1,1,0,0,0,0,0,,0,,,,0,,0,0,0,0,0,,,,,0,0,0,0.0000,0,0,,0,0,0,0,0,0,1,1,1,0,0,,,,,0,0,,0,,0,,0,0,0,0,,0,,718
980259,,,,74,0,0,0,0,0,0,1,0,0,1,0,1,1,0,0,0,0,0,1,0,0,0,0,0,0,10,0,1,1,3,8,0,1,1,3,,0,0,,,0,0,0,0,0,0,0,0,0,0,0,,,4,0,0,0,1,2,4,0,0,0,0,0,0,0,4,0,804,0,0,0,0,0,0,0,0,0,0,0,0,0,0,0,0,0,0,0,0,0,0,,0,0,0,0,0,0,0,0,0,0,0,0,0,0,0,0,0,0,0,0,0,0,0,0,0,0,0,0,0,0,0,0,0,0,0,0,0,0,0,0,0,0,0,0,0,0,0,0,0,,0,0,0,0,0,0,,0,0,0,0,0,0,,0,0,0,0,0,0,0,0,0,0,0,0,0,0,0,0,0,0,1,0,0,0,1,9,0,0,0,0,0,0,0,0,0,0,0,0,0,0,0,0,0,0,0,0,0,0,0,0,0,0,0,0,0,0,0,0,0,0,0,,,0,0,0,0,0,0,0,0,0,0,,,0,,,,0,0,,0,0,0,0,0,0,0,0,0,0,,0,,,,0,,0,0,0,0,0,,,,,0,0,0,0.0000,0,0,0.0000,0,0,0,0,0,0,0,0,0,0,0,5,,,,0,0,,0,,0,,0,0,0,1,5,0,,535
1144344,,,,28,1,0,0,0,1,0,0,0,0,1,0,1,1,0,1,0,1,0,0,0,0,1,0,0,1,3,0,0,2,2,3,0,0,2,2,,0,0,300,300,0,0,0,0,0,0,0,0,0,0,1,,,4,0,0,1,2,2,4,1,0,0,1,1,1,1,1,0,864,0,0,0,0,0,0,0,0,0,0,0,0,0,0,0,0,0,0,0,0,0,0,,0,0,0,0,0,0,0,0,0,0,0,0,0,0,0,0,0,0,0,0,0,0,0,0,0,0,0,0,0,0,0,0,0,0,0,0,0,0,0,0,0,0,0,0,0,0,0,0,0,,0,0,0,0,0,0,,0,0,0,0,0,0,,0,0,0,0,0,1,0,0,1,1,1,1,0,0,1,1,1,0,0,0,0,0,0,0,0,0,0,0,0,0,0,0,0,0,0,0,0,0,0,0,0,0,0,0,0,0,0,0,0,0,0,0,0,0,0,0,0,0,0,,,0,0,0,0,0,0,0,0,0,464,464,300,0,,,,1,0,,0,0,0,0,0,0,0,0,0,0,,0,,,,0,,0,0,0,0,0,,,,,0,0,0,1.5466,464,464,1.5466,0,0,0,0,0,0,0,0,0,0,0,,,,,0,0,,0,,0,,0,0,0,0,,0,,501
1313879,,,,235,1,1,1,2,0,0,1,2,1,7,0,7,4,0,1,0,1,0,3,0,0,1,0,0,1,2,1,1,1,2,2,1,1,1,2,,0,0,1164,1164,0,0,0,0,0,0,0,0,0,1,0,,,2,0,0,0,0,1,2,0,0,0,0,0,0,0,1,0,2314,0,0,0,0,0,0,0,0,0,0,0,0,0,0,0,0,0,0,0,0,0,0,,0,0,0,0,0,0,0,0,0,0,0,0,0,0,0,0,0,0,0,0,0,0,0,0,0,0,0,0,0,0,0,0,0,0,0,0,0,0,0,0,0,0,0,0,0,0,0,0,0,,0,0,0,0,0,0,,0,0,0,0,0,0,,0,0,0,0,0,1,0,0,0,0,0,0,0,0,0,0,0,0,3,0,0,0,3,31,1,1,1,1,1,3,3,5,23,23,1,1,1,3,3,2,2,4,22,22,1,1,1,3,3,1,1,3,19,19,0,0,2,16,16,,,0,0,0,0,0,0,0,1,1,1164,1164,1164,0,,,,1,0,,0,0,1,1,1,0,1,1,0,0,,1,,,,0,,0,0,1,0,0,,,,,0,0,0,0.7577,12302,1302,0.1594,0,0,0,0,0,0,1,1,1,0,0,5,,,,0,0,,0,,0,,0,0,1,1,5,0,,516
968079,,,,37,0,0,0,0,0,1,0,0,0,1,0,1,1,0,0,0,0,0,0,0,0,0,0,0,0,0,0,0,0,0,0,0,0,0,0,,0,0,,,0,0,0,0,0,0,0,0,0,0,0,,,2,0,0,0,1,2,2,0,0,0,0,0,0,0,0,0,989,0,0,0,0,0,0,0,0,0,0,0,0,0,0,0,0,0,0,0,0,0,0,,0,0,0,0,0,0,0,0,0,0,0,0,0,0,0,0,0,0,0,0,0,0,0,0,0,0,0,0,0,0,0,0,0,0,0,0,0,0,0,0,0,0,0,0,0,0,0,0,0,,0,0,0,0,0,0,,0,0,0,0,0,0,,0,0,0,0,0,0,0,0,0,0,0,0,0,0,0,0,0,0,0,0,0,0,0,0,0,0,0,0,0,0,0,0,0,0,0,0,0,0,0,0,0,0,0,0,0,0,0,0,0,0,0,0,0,0,0,0,0,0,0,,,0,0,0,0,0,0,0,0,0,0,,,0,,,,0,0,,0,0,0,0,0,0,0,0,0,0,,0,,,,0,,0,0,0,0,0,,,,,0,0,0,0.0000,0,0,,0,0,0,0,0,0,1,1,1,0,0,,,,,0,0,,0,,0,,0,0,0,0,,0,,532
1478588,42,42,42,164,0,0,0,0,0,4,4,3,3,14,1,13,6,1,0,0,0,0,11,1,1,0,3,3,0,2,0,1,1,2,2,0,1,1,2,,0,0,,,0,0,0,0,0,0,0,0,0,0,0,,,0,0,0,0,0,0,0,0,0,0,0,0,0,0,0,0,0,0,0,0,0,0,0,0,0,0,0,0,0,0,0,0,0,0,0,0,0,0,0,,0,0,0,0,0,0,0,1,1,0,0,0,11,0,0,2,9,11,0,0,2,9,11,0,0,0,0,0,0,0,0,0,0,0,0,0,0,0,0,0,0,0,0,0,0,0,0,0,0,,0,0,0,0,0,0,,0,0,0,0,0,0,2,0,0,2,9,11,0,0,0,0,0,0,0,0,0,0,0,0,0,1,1,0,0,0,11,0,0,2,9,11,0,0,2,9,11,0,0,0,0,0,0,0,0,0,0,0,0,0,0,0,0,0,0,0,0,0,0,0,0,0,,,0,0,0,0,0,0,0,0,0,0,,,0,,,,0,0,,0,0,0,0,0,0,1,3,0,0,1,0,,,,0,,0,0,0,1,18827,42,42,42.0000,0.4864,1,1,1,0.0803,18827,0,,0,0,0,18827,18827,0,1,1,1,1,0,2,42,42,42.0000,18827,18827,0.4864,18827,0.4864,0,,1,1,1,0,,0,,642
927332,8,7,7,8,1,0,4,0,0,0,0,0,0,4,3,1,2,2,4,3,2,2,0,0,0,1,0,0,3,13,0,1,2,9,9,0,1,2,6,0.9952,850,4,300,250,0,0,0,0,0,0,0,0,0,0,3,1.6960,0.0000,0,0,0,0,0,0,0,0,0,0,0,0,0,0,0,0,0,0,0,0,0,0,0,0,0,0,0,0,0,0,0,0,0,0,0,0,0,0,0,,2,0,2,0,0,2,0,2,0,2,0,0,3,2,2,2,2,2,3,3,3,3,3,1,1,1,1,1,1,1,1,1,1,0,0,0,0,0,0,0,0,0,0,0,0,0,0,0,1,3,1,1,1,1,1,0,,0,0,0,0,0,0,,0,0,0,0,0,0,0,0,0,0,0,0,0,0,0,0,0,0,3,0,2,0,1,6,3,3,3,3,3,6,6,6,6,6,2,2,2,2,2,3,3,3,3,3,1,1,1,1,1,1,1,1,1,1,0,0,0,0,0,0.6666,0.6666,0,0,0,0,0,0,0,0,4,1379,533,300,4,8,7,7.6666,3,2,1.5381,846,1,1,1,1,0,0,0,0,0,,0,,,,0,,0,0,0,0,0,,,,,0,0,0,1.1991,1379,1379,1.6223,2,2,2,846,846,0,1,1,1,0,0,,,,,0,0,,0,,0,,0,0,0,0,,0,,433
1530139,,,,157,1,0,0,0,2,1,2,2,3,10,0,10,3,0,9,0,2,0,1,0,1,1,0,1,4,0,0,0,0,0,0,0,0,0,0,,0,0,5500,1200,0,0,0,0,0,0,0,0,0,0,0,,,0,0,0,0,0,0,0,0,0,0,0,0,0,0,0,0,0,0,0,0,0,0,0,0,0,0,0,0,0,0,0,0,0,0,0,0,0,0,0,,0,0,0,0,0,0,0,0,0,0,0,0,0,0,0,0,0,0,0,0,0,0,0,0,0,0,0,0,0,0,0,0,0,0,0,0,0,0,0,0,0,0,0,0,0,0,0,0,0,,0,0,0,0,0,0,,0,0,0,0,0,0,,0,0,0,0,0,0,0,0,0,0,0,0,0,0,0,0,0,0,0,0,0,0,0,0,0,0,0,0,0,0,0,0,0,0,0,0,0,0,0,0,0,0,0,0,0,0,0,0,0,0,0,0,0,0,0,0,0,0,0,,,0,0,0,0,0,0,0,0,0,0,0,5500,0,,,,0,0,,0,0,1,1,1,0,0,0,0,0,,0,,,,0,,0,0,0,0,0,,,,,0,0,0,0.0000,0,0,,0,0,0,0,0,0,1,1,1,0,0,1,,,,0,0,,0,,0,,0,0,0,0,,0,,814
1188765,,,,111,1,0,0,0,0,6,3,1,1,11,0,11,4,0,9,0,2,0,1,0,0,1,0,0,7,21,0,0,7,12,13,0,0,3,6,,0,0,1400,250,0,0,0,0,0,0,0,0,0,0,2,,,0,0,0,0,0,0,0,0,0,0,0,0,0,0,0,0,0,0,0,0,0,0,0,0,0,0,0,0,0,0,0,0,0,0,0,0,0,0,0,,0,0,0,0,0,0,0,0,0,0,0,0,0,0,0,0,0,0,0,0,0,0,0,0,0,0,0,0,0,0,0,0,0,0,0,0,0,0,0,0,0,0,0,0,0,0,0,0,0,,0,0,0,0,0,0,,0,0,0,0,0,0,,0,0,0,0,0,6,0,1,3,4,6,3,0,0,2,3,3,0,0,0,0,0,0,0,0,0,0,0,0,0,0,0,0,0,0,0,0,0,0,0,0,0,0,0,0,0,0,0,0,0,0,0,0,0,0,0,0,0,0,,,0,0,0,0,0,0,0,0,0,1171,678,1400,0,,,,5,0,,0,0,1,1,1,0,0,0,0,0,,0,,,,0,,0,0,0,0,0,,,,,0,0,0,0.4611,2328,2051,0.8836,0,0,0,0,0,0,1,1,1,0,0,9,,,,0,0,,0,,0,,1,1,1,0,,0,,513
1315251,119,119,119,251,1,0,0,0,0,0,0,1,12,13,1,12,8,1,6,0,3,0,2,1,1,1,2,2,5,0,0,0,0,0,0,0,0,0,0,,0,0,20500,1000,0,0,0,0,0,0,0,0,1,0,0,,,1,0,0,0,0,0,1,0,0,0,0,0,0,0,0,0,14899,11,0,0,0,1,10,0,0,0,0,0,0,0,1,0,1,1,0,0,0,0,2,19,0,0,0,0,0,0,0,0,0,0,0,0,0,0,0,0,0,0,0,0,0,0,0,0,0,0,0,0,0,0,0,0,0,0,0,0,0,0,0,0,0,0,0,0,0,0,0,0,0,,0,0,0,0,0,0,,0,0,0,0,0,0,,0,0,0,0,0,4,0,0,0,0,1,1,0,0,0,0,0,0,2,0,0,0,2,40,0,0,0,0,0,0,0,0,0,7,0,0,0,0,0,0,0,0,0,7,0,0,0,0,0,0,0,0,0,7,0,0,0,0,7,,,0,0,0,0,0,0,0,0,0,6201,6201,15000,0,,,,2,0,,0,0,1,1,1,0,1,3,1,0,5,2,119,119,119.0000,0,,0,0,0,0,0,,,,,0,0,0,0.0261,30586,30586,0.0276,0,0,0,0,0,0,1,1,1,0,0,9,,,,0,0,,0,,0,,0,0,0,0,,0,,566
1586400,141,86,119,358,1,0,0,1,0,8,3,2,8,22,3,19,5,2,19,2,3,1,1,1,1,1,2,1,9,0,0,0,0,0,0,0,0,0,0,0.0954,12200,11036,8200,200,0,1,0,0,0,0,0,0,0,0,0,0.1419,0.0000,0,0,0,0,0,0,0,0,0,0,0,0,0,0,0,0,0,0,0,0,0,0,0,0,0,0,0,0,0,0,0,0,0,0,0,0,0,0,0,,0,0,0,0,0,0,0,1,0,0,0,1,17,0,2,5,7,8,4,8,14,16,17,0,0,3,3,3,4,6,9,9,9,3,5,5,5,5,4,6,6,6,6,1,1,1,1,1,0,1,0,0,0,0,0,0,5,4,8,14,16,17,0,,0,0,0,0,0,0,0,0,0,0,0,0,0,0,0,0,0,0,1,0,0,0,1,17,0,2,5,7,8,4,8,14,16,17,0,0,3,3,3,4,6,9,9,9,3,5,5,5,5,4,6,6,6,6,1,1,1,1,1,0.5000,0.5000,2,2,2,1,0,0,0,0,0,1164,1164,8200,11036,131,86,108.5000,0,0,,0,1,1,1,1,1,1,2,1,0,5,1,141,141,141.0000,87787,0.8666,1,1,1,0,0,,,,,0,0,0,0.3251,88951,0,,0,1,1,88951,87787,1164,1,1,1,0,0,1,,,,0,87787,,0,,0,,0,0,0,0,,0,,727
1422733,192,192,192,192,1,1,1,0,0,0,0,0,2,3,1,2,2,1,3,1,2,1,0,0,0,1,0,0,2,4,0,3,3,3,2,0,1,1,1,0.0126,5300,5233,5300,750,1,0,0,0,0,0,0,0,0,0,0,0.0126,0.0126,0,0,0,0,0,0,0,0,0,0,0,0,0,0,0,0,0,0,0,0,0,0,0,0,0,0,0,0,0,0,0,0,0,0,0,0,0,0,0,,0,0,0,0,0,0,0,0,0,0,0,0,0,0,0,0,0,0,0,0,0,0,0,0,0,0,0,0,0,0,0,0,0,0,0,0,0,0,0,0,0,0,0,0,0,0,0,0,0,1,0,0,0,0,0,0,,0,0,0,0,0,0,,0,0,0,0,0,0,0,0,0,0,0,0,0,0,0,0,0,0,0,0,0,0,0,0,0,0,0,0,0,0,0,0,0,0,0,0,0,0,0,0,0,0,0,0,0,0,0,0,0,0,0,0,0,0,0,0,0,0,0,1.0000,1.0000,1,1,1,1,0,0,0,1,1,67,67,5300,5233,192,192,192.0000,0,0,,0,1,1,1,1,0,0,0,0,0,,0,,,,0,,0,0,0,0,0,,,,,0,0,0,0.0083,67,0,,0,0,0,67,0,67,1,1,1,0,0,,,,,0,0,,0,,0,,0,0,0,0,,0,,741
1413399,71,17,45,183,0,0,0,1,1,3,7,2,5,19,5,14,4,3,16,4,3,2,0,1,0,1,2,0,7,1,0,0,0,1,1,0,0,0,1,0.0920,30000,27239,10000,200,2,0,0,1,0,0,0,0,0,0,0,0.3029,0.0000,0,0,0,0,0,0,0,0,0,0,0,0,0,0,0,0,0,0,0,0,0,0,0,0,0,0,0,0,0,0,0,0,0,0,0,0,0,0,0,,0,0,0,0,0,0,0,0,0,0,0,0,0,0,0,0,0,0,0,0,0,0,0,0,0,0,0,0,0,0,0,0,0,0,0,0,0,0,0,0,0,0,0,0,0,0,0,0,0,1,0,0,0,0,0,0,1,0,0,0,0,0,0,,0,0,0,0,0,0,0,0,0,0,0,0,0,0,0,0,0,0,0,0,0,0,0,0,0,0,0,0,0,0,0,0,0,0,0,0,0,0,0,0,0,0,0,0,0,0,0,0,0,0,0,0,0,0,0,0,0,0,0,0.7500,0.7500,4,3,3,3,0,0,0,0,0,2761,2424,10000,27239,71,17,46.0000,0,0,,0,1,1,1,1,1,1,2,1,0,1,0,42,42,42.0000,142171,0.8055,1,1,1,0,0,,,,,0,0,0,0.2899,144932,0,,0,0,0,144932,0,144932,1,1,1,0,0,,,,,0,142171,,0,,0,,0,0,0,0,,0,,799
872862,49,42,44,106,0,0,0,2,1,19,19,3,0,44,3,41,6,2,1,0,1,0,42,0,1,0,0,1,0,4,0,0,3,4,3,0,0,2,3,,0,0,200,200,0,0,0,0,0,0,0,0,0,0,0,,,7,0,0,0,0,3,6,1,0,0,0,0,1,1,2,0,4768,1,0,0,0,1,1,0,0,0,0,0,0,0,0,0,1,0,0,0,0,0,1,28,2,0,0,0,2,2,2,3,1,0,0,2,19,0,0,1,3,4,0,0,1,14,19,0,0,0,1,2,0,0,0,11,15,0,0,0,3,4,0,0,0,10,13,0,0,0,7,9,0,,0,0,0,0,0,0,,0,0,0,0,0,0,2,0,0,1,1,1,5,0,0,1,1,5,0,0,0,0,0,0,0,6,3,1,0,2,24,0,0,1,3,8,0,0,1,14,24,0,0,0,1,3,0,0,0,11,16,0,0,0,3,4,0,0,0,10,13,0,0,0,7,9,,,0,0,0,0,0,0,0,0,0,0,0,200,0,,,,1,0,,0,0,0,0,0,0,0,0,0,0,,0,,,,0,,0,0,0,1,3353,49,49,49.0000,0.2236,1,1,1,0.0804,5248,464,0.0607,2,2,2,3353,3353,0,1,1,1,3,2,9,49,42,44.6666,3353,3353,0.2236,3353,0.2236,0,,1,1,1,0,,0,,535
801384,29,8,13,29,0,0,4,1,1,0,0,0,0,6,4,2,2,2,5,3,1,1,1,0,0,1,0,0,5,18,0,0,1,6,11,0,0,1,4,1.2955,900,-266,300,300,0,0,0,0,0,0,0,0,1,0,4,1.8999,0.8199,9,0,0,1,4,5,9,0,0,0,0,0,0,0,5,0,7741,0,0,0,0,0,0,0,0,0,0,0,0,0,0,0,0,0,0,0,0,0,0,,2,0,1,0,1,2,1,2,0,1,0,1,7,1,2,2,2,2,6,7,7,7,7,2,2,2,2,2,5,5,5,5,5,1,1,1,1,1,3,3,3,3,3,2,2,2,2,2,1,5,6,7,7,7,7,0,,0,0,0,0,0,0,,0,0,0,0,0,2,2,2,2,2,2,2,2,2,2,2,2,0,2,0,1,0,1,7,1,2,2,2,2,6,7,7,7,7,2,2,2,2,2,5,5,5,5,5,1,1,1,1,1,3,3,3,3,3,2,2,2,2,2,1.0000,1.0000,0,0,0,0,0,0,0,0,4,2226,635,300,-266,9,8,8.3333,4,2,1.5333,920,1,1,1,1,0,0,0,0,0,,0,,,,0,,0,0,0,0,0,,,,,0,0,0,0.5297,3305,1980,1.6499,2,2,2,2245,920,1325,1,1,1,1,0,1,29,29,29.0000,1079,1079,0.2276,0,,1079,0.2276,1,1,1,0,,0,,435
1516535,10,10,10,74,0,0,1,0,0,0,1,0,0,2,1,1,2,1,0,0,0,0,1,0,0,0,0,0,0,1,1,1,1,1,1,1,1,1,1,,0,0,,,0,0,0,0,0,0,0,0,0,0,0,,,5,0,1,1,2,4,5,0,0,0,0,0,0,0,1,0,1375,0,0,0,0,0,0,0,0,0,0,0,0,0,0,0,0,0,0,0,0,0,0,,1,0,0,0,1,1,1,1,0,0,0,1,4,0,1,1,1,1,1,4,4,4,4,0,1,1,1,1,1,3,3,3,3,0,1,1,1,1,1,2,2,2,2,1,1,1,1,1,0,,0,0,0,0,0,0,,0,0,0,0,0,0,,0,0,0,0,0,0,0,0,0,0,0,0,0,0,0,0,0,0,1,0,0,0,1,4,0,1,1,1,1,1,4,4,4,4,0,1,1,1,1,1,3,3,3,3,0,1,1,1,1,1,2,2,2,2,1,1,1,1,1,,,0,0,0,0,0,0,0,0,0,0,,,0,,,,0,0,,0,0,0,0,0,0,0,0,0,0,,0,,,,0,,0,0,0,0,0,,,,,0,0,0,0.4964,420,420,1.3375,1,1,1,420,420,0,0,1,1,1,1,5,10,10,10.0000,420,420,1.3375,420,1.3375,0,,0,1,1,0,,0,,361
1369984,129,0,72,345,0,1,2,2,0,2,6,3,4,19,3,16,4,2,18,3,3,2,0,1,0,1,1,0,9,3,1,1,1,1,3,1,1,1,1,0.0844,39800,36438,42800,100,2,0,0,1,0,0,0,0,0,0,0,0.3241,0.0027,0,0,0,0,0,0,0,0,0,0,0,0,0,0,0,0,0,0,0,0,0,0,0,0,0,0,0,0,0,0,0,0,0,0,0,0,0,0,0,,0,0,0,0,0,0,0,0,0,0,0,0,0,0,0,0,0,0,0,0,0,0,0,0,0,0,0,0,0,0,0,0,0,0,0,0,0,0,0,0,0,0,0,0,0,0,0,0,0,1,0,0,0,0,0,0,,0,0,0,0,0,0,,0,0,0,0,0,0,0,0,0,0,0,0,0,0,0,0,0,0,0,0,0,0,0,0,0,0,0,0,0,0,0,0,0,0,0,0,0,0,0,0,0,0,0,0,0,0,0,0,0,0,0,0,0,0,0,0,0,0,0,1.0000,1.0000,3,3,3,2,1,1,1,1,2,3362,3241,42800,36438,129,0,72.3333,0,0,,0,1,1,1,1,0,1,1,0,0,1,0,,,,0,,0,0,0,0,0,,,,,0,0,0,0.0045,3362,0,,0,0,0,3362,0,3362,1,1,1,0,0,,,,,0,0,,0,,0,,0,0,0,0,,0,,808
821920,,,,36,0,0,0,0,0,1,0,0,0,1,0,1,1,0,0,0,0,0,0,0,0,0,0,0,0,6,0,1,2,6,4,0,1,2,4,,0,0,,,0,0,0,0,0,0,0,0,0,0,0,,,15,0,1,1,2,15,15,0,0,0,0,0,0,0,12,0,15899,0,0,0,0,0,0,0,0,0,0,0,0,0,0,0,0,0,0,0,0,0,0,,0,0,0,0,0,0,0,0,0,0,0,0,0,0,0,0,0,0,0,0,0,0,0,0,0,0,0,0,0,0,0,0,0,0,0,0,0,0,0,0,0,0,0,0,0,0,0,0,0,,0,0,0,0,0,0,,0,0,0,0,0,0,,0,0,0,0,0,0,0,0,0,0,0,0,0,0,0,0,0,0,0,0,0,0,0,0,0,0,0,0,0,0,0,0,0,0,0,0,0,0,0,0,0,0,0,0,0,0,0,0,0,0,0,0,0,0,0,0,0,0,0,,,0,0,0,0,0,0,0,0,0,0,,,0,,,,0,0,,0,0,0,0,0,0,0,0,0,0,,0,,,,0,,0,0,0,0,0,,,,,0,0,0,1.0000,2414,0,,0,0,0,0,0,0,1,1,1,0,0,,,,,0,0,,0,,0,,0,0,0,0,,0,,479
1585661,,,,122,0,0,0,0,0,1,6,12,2,21,0,21,4,0,1,0,1,0,20,0,0,0,0,0,0,1,0,0,0,0,1,0,0,0,0,,0,0,300,300,0,0,0,0,0,0,0,0,0,0,0,,,6,0,0,2,2,6,6,2,0,0,1,1,2,2,3,2,3131,0,0,0,0,0,0,0,0,0,0,0,0,0,0,0,0,0,0,0,0,0,0,,0,0,0,0,0,0,0,0,0,0,0,0,0,0,0,0,0,0,0,0,0,0,0,0,0,0,0,0,0,0,0,0,0,0,0,0,0,0,0,0,0,0,0,0,0,0,0,0,0,,0,0,0,0,0,0,,0,0,0,0,0,0,,0,0,0,0,0,3,0,0,0,0,1,0,0,0,0,0,0,0,1,0,0,1,0,3,0,0,0,0,0,0,0,0,0,0,0,0,0,0,0,0,0,0,0,0,0,0,0,0,0,0,0,0,0,0,0,0,0,0,0,,,0,0,0,0,0,0,0,0,0,0,0,300,0,,,,0,0,,0,0,0,0,0,0,0,0,0,0,,0,,,,0,,0,0,0,0,0,,,,,0,0,0,0.0983,1174,1174,0.4335,0,0,0,0,0,0,1,1,1,0,0,9,,,,0,0,,0,,0,,1,1,1,0,,0,,556
1312513,121,17,65,340,1,0,0,3,0,3,2,0,10,18,9,9,4,3,6,2,2,1,4,1,1,1,8,4,5,0,0,0,0,0,0,0,0,0,0,0.0602,44000,41350,23000,600,1,1,0,0,0,0,0,0,0,0,0,0.1224,0.0033,0,0,0,0,0,0,0,0,0,0,0,0,0,0,0,0,0,0,0,0,0,0,0,0,0,0,0,0,0,0,0,0,0,0,0,0,0,0,0,,0,0,0,0,0,0,0,0,0,0,0,0,0,0,0,0,0,0,0,0,0,0,0,0,0,0,0,0,0,0,0,0,0,0,0,0,0,0,0,0,0,0,0,0,0,0,0,0,0,1,0,0,0,0,0,0,1,0,0,0,0,0,0,1,0,0,0,0,0,0,0,0,0,0,0,0,0,0,0,0,0,0,0,0,0,0,0,0,0,0,0,0,0,0,0,0,0,0,0,0,0,0,0,0,0,0,0,0,0,0,0,0,0,0,0,0,0,0,0,0,0,0,0,1.0000,1.0000,2,2,2,2,2,2,0,0,0,2650,2572,23000,41350,121,111,116.0000,0,0,,0,1,1,1,1,1,1,8,4,0,1,0,81,54,67.5000,354094,0.7496,1,1,1,1,28707,50,17,28.0000,0.5296,1,1,1,0.2595,385451,0,,0,0,0,385451,0,385451,1,1,1,3,0,1,50,17,28.0000,28707,382801,0.5296,0,,28707,0.5296,1,1,1,0,,0,,817
1581250,210,92,151,210,0,0,0,1,1,1,1,1,3,8,2,6,5,2,6,2,3,2,1,0,1,1,0,1,4,1,0,0,0,0,1,0,0,0,0,0.2702,9000,5108,10000,800,0,0,1,0,0,0,0,0,0,0,0,0.2702,0.2702,0,0,0,0,0,0,0,0,0,0,0,0,0,0,0,0,0,0,0,0,0,0,0,0,0,0,0,0,0,0,0,0,0,0,0,0,0,0,0,,0,0,0,0,0,0,0,0,0,0,0,0,0,0,0,0,0,0,0,0,0,0,0,0,0,0,0,0,0,0,0,0,0,0,0,0,0,0,0,0,0,0,0,0,0,0,0,0,0,1,0,0,0,0,0,0,,0,0,0,0,0,0,,0,0,0,0,0,0,0,0,0,0,0,0,0,0,0,0,0,0,0,0,0,0,0,0,0,0,0,0,0,0,0,0,0,0,0,0,0,0,0,0,0,0,0,0,0,0,0,0,0,0,0,0,0,0,0,0,0,0,0,0.5000,0.5000,2,1,1,1,0,0,0,0,0,1892,1892,7000,5108,210,92,151.0000,0,0,,0,1,1,1,1,0,0,0,0,0,,0,,,,0,,0,0,0,0,0,,,,,0,0,0,0.0457,1892,0,,0,0,0,1892,0,1892,1,1,1,0,0,1,,,,0,0,,0,,0,,0,0,0,0,,0,,787
1667622,98,48,76,98,1,0,0,0,1,5,2,4,0,12,4,8,7,2,4,0,3,0,4,0,1,1,0,1,2,1,0,0,0,0,1,0,0,0,0,,0,0,3000,500,0,0,0,0,0,0,0,0,0,0,2,,,1,0,0,0,1,1,1,0,0,0,0,0,0,0,0,0,913,0,0,0,0,0,0,0,0,0,0,0,0,0,0,0,0,0,0,0,0,0,0,,4,1,0,0,3,3,3,4,0,0,0,4,57,4,6,7,10,10,16,21,43,57,57,0,0,1,1,1,12,15,36,47,47,0,3,7,13,13,12,15,35,46,46,12,12,28,33,33,0,,0,0,0,0,0,0,,0,0,0,0,0,1,5,4,6,10,13,13,3,0,2,3,3,3,1,0,1,1,1,1,0,5,0,1,0,4,60,4,6,7,10,10,16,21,43,57,57,0,0,1,1,1,12,15,36,47,47,0,3,7,13,13,12,15,35,46,46,12,12,28,33,33,,,0,0,0,0,0,0,0,0,0,2521,2521,3000,0,,,,2,0,,0,0,1,1,1,0,0,0,0,0,,0,,,,0,,0,0,0,1,3223,48,48,48.0000,0.4106,1,1,1,0.9048,42570,42570,0.9888,4,4,4,39507,39507,0,1,1,1,4,4,5,98,48,76.0000,39507,39507,1.0169,39507,1.0169,0,,1,1,1,1,5,36284,1.1704,452
877420,5,3,4,61,0,3,3,0,1,2,1,0,0,7,3,4,3,2,4,3,2,2,3,0,1,1,0,3,3,5,0,0,4,4,4,0,0,3,3,0.8544,900,131,300,300,0,0,0,0,0,1,0,0,1,0,2,1.1066,0.5899,9,0,0,2,2,5,7,0,0,0,0,0,0,0,2,0,5766,1,1,1,1,1,1,0,0,0,0,0,0,0,1,0,0,0,0,0,0,0,1,0,0,0,0,0,0,0,0,1,1,0,0,0,1,1,1,1,1,1,1,1,1,1,1,0,0,0,0,0,0,0,0,0,0,0,0,0,0,0,0,0,0,0,0,0,0,0,0,0,0,1,0,0,0,0,0,0,,0,0,0,0,0,0,,0,0,0,0,0,1,0,0,0,0,1,1,0,0,0,0,1,0,2,1,1,0,0,12,1,1,2,5,10,1,1,2,6,12,0,0,0,1,2,0,0,0,1,2,0,0,0,0,0,0,0,0,0,0,0,0,0,0,0,1.0000,1.0000,0,0,0,0,0,0,0,3,3,1208,439,300,131,5,3,4.0000,2,0,,0,1,1,1,1,0,0,0,0,0,,0,,,,0,,0,0,0,0,0,,,,,0,0,0,0.3483,11793,439,1.4633,0,1,1,769,177,592,1,1,1,0,0,3,,,,0,0,,0,,0,,0,0,0,0,,0,,498
1590571,257,156,206,257,1,0,0,1,0,0,0,0,2,3,2,1,2,1,1,0,1,0,0,0,0,1,0,0,1,2,0,0,0,0,2,0,0,0,0,,0,0,300,300,0,0,0,0,0,0,0,0,0,0,1,,,0,0,0,0,0,0,0,0,0,0,0,0,0,0,0,0,0,0,0,0,0,0,0,0,0,0,0,0,0,0,0,0,0,0,0,0,0,0,0,,2,0,0,0,2,2,2,2,0,0,0,2,12,0,0,0,0,0,0,0,6,12,12,0,0,0,0,0,0,0,6,12,12,0,0,0,0,0,0,0,6,12,12,0,0,6,12,12,0,,0,0,0,0,0,0,,0,0,0,0,0,0,,0,0,0,0,0,1,0,1,1,1,1,1,0,1,1,1,1,0,2,0,0,0,2,12,0,0,0,0,0,0,0,6,12,12,0,0,0,0,0,0,0,6,12,12,0,0,0,0,0,0,0,6,12,12,0,0,6,12,12,,,0,0,0,0,0,0,0,0,0,509,509,300,0,,,,1,0,,0,0,1,1,1,0,0,0,0,0,,0,,,,0,,0,0,0,0,0,,,,,0,0,0,1.6966,509,509,1.6966,2,2,2,0,0,0,1,1,1,0,0,,,,,0,0,,0,,0,,0,0,0,0,,0,,530
1254984,50,21,35,234,0,0,0,2,5,7,2,5,8,29,5,24,7,4,22,3,3,2,6,1,1,1,1,4,15,4,0,1,3,4,4,0,1,3,4,0.0915,29501,26801,30000,200,1,1,0,0,0,0,0,0,0,0,0,0.1799,0.0000,0,0,0,0,0,0,0,0,0,0,0,0,0,0,0,0,0,0,0,0,0,0,0,0,0,0,0,0,0,0,0,0,0,0,0,0,0,0,0,,0,0,0,0,0,0,0,0,0,0,0,0,0,0,0,0,0,0,0,0,0,0,0,0,0,0,0,0,0,0,0,0,0,0,0,0,0,0,0,0,0,0,0,0,0,0,0,0,0,1,0,0,0,0,0,0,1,0,0,0,0,0,0,1,0,0,0,0,0,0,0,0,0,0,0,0,0,0,0,0,0,0,0,0,0,0,0,0,0,0,0,0,0,0,0,0,0,0,0,0,0,0,0,0,0,0,0,0,0,0,0,0,0,0,0,0,0,0,0,0,0,0,0,0.3333,0.3333,3,3,2,2,2,0,0,0,0,3414,2700,30000,26801,50,21,35.0000,0,0,,0,1,1,1,1,1,1,2,1,0,1,0,48,48,48.0000,290304,0.9158,1,1,1,1,9397,22,22,22.0000,0.5174,1,1,1,0.4528,303115,0,,0,0,0,302401,0,302401,1,1,1,1,0,1,22,22,22.0000,9397,299701,0.5174,0,,9397,0.5174,1,1,1,0,,0,,807
1669839,123,0,37,179,0,1,3,3,17,10,1,6,3,43,22,21,6,6,35,19,3,3,8,0,1,1,0,5,30,2,1,1,1,2,2,1,1,1,2,0.0213,128105,125365,33000,400,14,1,1,0,0,0,0,0,0,0,0,0.2849,0.0000,0,0,0,0,0,0,0,0,0,0,0,0,0,0,0,0,0,0,0,0,0,0,0,0,0,0,0,0,0,0,0,0,0,0,0,0,0,0,0,,0,0,0,0,0,0,0,0,0,0,0,0,0,0,0,0,0,0,0,0,0,0,0,0,0,0,0,0,0,0,0,0,0,0,0,0,0,0,0,0,0,0,0,0,0,0,0,0,0,1,0,0,0,0,0,0,,0,0,0,0,0,0,1,0,0,0,0,0,0,0,0,0,0,0,0,0,0,0,0,0,0,1,1,0,0,0,1,0,0,0,1,1,0,0,0,1,1,0,0,0,0,0,0,0,0,0,0,0,0,0,0,0,0,0,0,0,0,0,0,0,0,0,0.8421,0.8421,12,12,9,7,3,2,1,1,2,2740,1440,33000,125365,123,0,40.5789,0,0,,0,1,1,1,1,0,0,0,0,0,,0,,,,0,,0,0,0,1,26481,9,9,9.0000,0.8333,1,1,1,0.1342,48437,0,,0,0,0,48437,0,48437,1,1,1,3,0,2,30,9,17.3333,45697,45697,0.8920,0,,45697,0.8920,1,1,1,0,1,10393,1.0997,760
1384529,284,3,74,348,0,1,3,0,2,6,1,5,11,28,5,23,7,5,16,3,4,3,7,1,1,1,4,7,7,5,0,0,5,5,1,0,0,1,1,0.7230,40800,11299,26100,500,2,0,0,0,0,0,0,0,0,0,1,1.0998,0.0510,0,0,0,0,0,0,0,0,0,0,0,0,0,0,0,0,0,0,0,0,0,0,0,0,0,0,0,0,0,0,0,0,0,0,0,0,0,0,0,,0,0,0,0,0,0,0,0,0,0,0,0,0,0,0,0,0,0,0,0,0,0,0,0,0,0,0,0,0,0,0,0,0,0,0,0,0,0,0,0,0,0,0,0,0,0,0,0,0,1,0,0,0,0,0,0,1,0,0,0,0,0,0,1,0,0,0,0,0,0,0,0,0,0,0,0,0,0,0,0,0,0,0,0,0,0,0,0,0,0,0,0,0,0,0,0,0,0,0,0,0,0,0,0,0,0,0,0,0,0,0,0,0,0,0,0,0,0,0,0,0,0,0,1.0000,1.0000,3,3,3,3,1,1,0,0,2,29501,28707,26100,11299,284,11,107.6666,0,0,,0,1,1,1,1,1,1,4,1,0,1,0,45,45,45.0000,326493,0.9204,1,1,1,1,41777,3,3,3.0000,0.9614,1,1,1,0.2376,397771,0,,0,0,0,397771,0,397771,1,1,1,1,0,1,3,3,3.0000,41777,368270,0.9614,0,,41777,0.9614,1,1,1,0,,0,,665
1112912,67,3,32,213,0,1,1,1,1,2,4,2,13,24,6,18,8,4,9,3,2,2,9,1,1,1,4,9,9,5,0,0,3,3,5,0,0,3,3,1.0695,8700,-605,465000,500,0,0,0,0,0,0,1,0,0,1,1,1.1346,0.6600,0,0,0,0,0,0,0,0,0,0,0,0,0,0,0,0,0,3,0,0,0,0,3,0,0,0,0,0,0,0,0,0,1,1,0,0,0,0,0,41,0,0,0,0,0,0,0,1,1,0,0,0,1,0,0,1,1,1,0,0,1,1,1,0,0,0,0,0,0,0,0,0,0,0,0,0,0,0,0,0,0,0,0,0,0,0,0,0,0,2,0,0,1,1,1,0,,0,0,0,0,0,0,1,0,0,0,0,0,0,0,0,0,0,0,0,0,0,0,0,0,0,6,3,1,0,2,23,0,0,1,1,3,0,0,1,9,18,0,0,0,0,2,0,0,0,8,15,0,0,0,0,2,0,0,0,8,13,0,0,0,8,11,1.0000,1.0000,1,1,1,1,0,0,0,0,0,9305,8056,29400,-605,67,29,46.0000,3,0,,0,1,1,1,1,0,1,5,0,0,5,2,,,,0,,0,0,0,1,27211,37,3,19.0000,0.4963,1,1,1,0.0100,36516,0,0.0000,0,0,0,36516,528,35988,1,1,1,3,0,2,37,3,19.0000,27211,27211,0.4963,0,,27211,0.4963,1,1,1,0,,0,,667
1270299,167,17,93,225,0,0,0,1,0,0,1,1,6,9,4,5,7,4,1,0,1,0,3,1,1,0,3,2,0,1,0,0,0,0,1,0,0,0,0,,0,0,6000,3000,0,0,0,0,0,0,0,0,0,0,0,,,0,0,0,0,0,0,0,0,0,0,0,0,0,0,0,0,0,0,0,0,0,0,0,0,0,0,0,0,0,0,0,0,0,0,0,0,0,0,0,,0,0,0,0,0,0,0,0,0,0,0,0,0,0,0,0,0,0,0,0,0,0,0,0,0,0,0,0,0,0,0,0,0,0,0,0,0,0,0,0,0,0,0,0,0,0,0,0,0,,0,0,0,0,0,0,1,0,0,0,0,0,0,1,0,0,0,0,0,0,0,0,0,0,0,0,0,0,0,0,0,0,0,0,0,0,0,0,0,0,0,0,0,0,0,0,0,0,0,0,0,0,0,0,0,0,0,0,0,0,0,0,0,0,0,0,0,0,0,0,0,0,0,,,0,0,0,0,0,0,0,0,0,253,253,6000,0,167,167,167.0000,0,0,,0,1,1,1,1,1,1,3,2,0,1,0,126,63,94.5000,348264,0.8687,1,1,1,1,15919,17,17,17.0000,0.6785,1,1,1,0.4448,364436,0,,0,0,0,364436,0,364436,1,1,1,1,0,1,17,17,17.0000,15919,364183,0.6785,0,,15919,0.6785,1,1,1,0,,0,,799
1207202,62,5,33,234,0,1,1,0,0,0,1,1,1,4,2,2,3,1,2,2,1,1,1,0,0,1,0,0,2,0,0,0,0,0,0,0,0,0,0,0.1251,43000,37618,28000,10000,1,0,1,0,0,0,0,0,0,0,0,0.2548,0.0557,0,0,0,0,0,0,0,0,0,0,0,0,0,0,0,0,0,0,0,0,0,0,0,0,0,0,0,0,0,0,0,0,0,0,0,0,0,0,0,,0,0,0,0,0,0,0,0,0,0,0,0,0,0,0,0,0,0,0,0,0,0,0,0,0,0,0,0,0,0,0,0,0,0,0,0,0,0,0,0,0,0,0,0,0,0,0,0,0,1,0,0,0,0,0,0,,0,0,0,0,0,0,,0,0,0,0,0,0,0,0,0,0,0,0,0,0,0,0,0,0,0,0,0,0,0,0,0,0,0,0,0,0,0,0,0,0,0,0,0,0,0,0,0,0,0,0,0,0,0,0,0,0,0,0,0,0,0,0,0,0,0,1.0000,1.0000,2,2,2,2,2,1,0,1,1,5382,3822,28000,37618,62,5,33.5000,0,0,,0,1,1,1,1,0,0,0,0,0,,0,,,,0,,0,0,0,0,0,,,,,0,0,0,0.0854,5382,0,,0,0,0,5382,0,5382,1,1,1,0,0,1,,,,0,0,,0,,0,,0,0,0,0,,0,,769
1306517,19,19,19,19,0,0,0,2,0,0,0,0,0,2,1,1,1,1,0,0,0,0,0,0,0,0,0,0,0,3,0,0,3,3,1,0,0,1,1,,0,0,,,0,0,0,0,0,0,0,0,0,0,0,,,2,0,0,0,0,0,2,0,0,0,0,0,0,0,2,0,832,0,0,0,0,0,0,0,0,0,0,0,0,0,0,0,0,0,0,0,0,0,0,,0,0,0,0,0,0,0,0,0,0,0,0,0,0,0,0,0,0,0,0,0,0,0,0,0,0,0,0,0,0,0,0,0,0,0,0,0,0,0,0,0,0,0,0,0,0,0,0,0,,0,0,0,0,0,0,,0,0,0,0,0,0,,0,0,0,0,0,0,0,0,0,0,0,0,0,0,0,0,0,0,0,0,0,0,0,0,0,0,0,0,0,0,0,0,0,0,0,0,0,0,0,0,0,0,0,0,0,0,0,0,0,0,0,0,0,0,0,0,0,0,0,,,0,0,0,0,0,0,0,0,0,0,,,0,,,,0,0,,0,0,0,0,0,0,0,0,0,0,,0,,,,0,,0,0,0,0,0,,,,,0,0,0,,717,0,,0,0,0,430,0,430,1,1,1,0,0,,,,,0,0,,0,,0,,0,0,0,0,,0,,517
1492586,135,2,40,211,0,1,1,2,1,0,0,0,7,11,5,6,5,4,5,2,2,1,5,1,1,1,1,1,4,14,0,1,1,2,3,0,1,1,2,0.2258,3900,3019,11800,0,0,0,2,0,0,0,0,0,0,0,1,0.2949,0.2180,2,0,0,0,0,2,2,1,0,0,0,0,1,1,2,1,180,9,0,0,0,4,8,0,0,0,0,0,0,0,0,0,1,1,0,0,0,0,8,20,0,0,0,0,0,0,0,2,0,1,0,1,21,0,1,3,4,4,0,4,7,21,21,0,1,1,2,2,0,3,4,17,17,0,1,1,1,1,0,2,3,15,15,0,1,2,14,14,0,3,0,0,1,3,3,0,5,0,4,6,18,18,0,1,0,0,0,0,0,1,0,0,1,1,1,1,0,0,1,1,1,0,3,0,1,0,2,26,0,1,3,4,4,2,9,12,26,26,0,2,2,3,3,2,8,9,22,22,0,2,2,2,2,2,6,7,19,19,2,4,5,17,17,1.0000,1.0000,1,1,1,0,0,0,0,0,0,15502,14621,11800,3019,31,20,25.5000,2,0,,0,1,1,1,1,1,1,1,1,0,5,1,135,135,135.0000,320821,0.7941,1,1,1,1,20422,15,15,15.0000,0.9248,1,1,1,0.6628,459388,14621,0.2267,0,0,0,444767,320939,123828,1,1,1,2,0,5,15,2,8.5000,123065,443886,0.9866,0,,123065,0.9866,1,1,1,1,5,102643,1.0000,570
1546493,119,7,51,122,0,0,1,1,1,4,0,0,4,11,3,8,3,3,6,2,2,2,5,0,0,1,0,0,3,4,0,0,1,1,3,0,0,1,1,0.5300,1000,470,1500,200,0,0,0,1,0,0,1,0,0,0,1,0.6740,0.3860,3,0,0,0,0,1,3,1,0,0,0,0,0,1,1,1,3320,0,0,0,0,0,0,0,0,0,0,0,0,0,0,0,0,0,0,0,0,0,0,,0,0,0,0,0,0,0,0,0,0,0,0,0,0,0,0,0,0,0,0,0,0,0,0,0,0,0,0,0,0,0,0,0,0,0,0,0,0,0,0,0,0,0,0,0,0,0,0,0,1,0,0,0,0,0,0,,0,0,0,0,0,0,,0,0,0,0,0,1,0,0,0,0,1,1,0,0,0,0,1,0,0,0,0,0,0,0,0,0,0,0,0,0,0,0,0,0,0,0,0,0,0,0,0,0,0,0,0,0,0,0,0,0,0,0,0,0,0,0,0,0,0,1.0000,1.0000,0,0,0,0,0,0,0,0,0,825,337,1500,470,119,27,73.0000,2,0,,0,1,1,1,1,0,0,0,0,0,,0,,,,0,,0,0,0,0,0,,,,,0,0,0,0.1985,2373,295,1.4750,0,0,0,2078,0,2078,1,1,1,1,0,1,7,7,7.0000,1548,1548,0.7709,0,,1548,0.7709,1,1,1,0,,0,,645
1228238,4,4,4,172,0,1,1,0,0,0,3,2,2,8,1,7,3,1,2,1,1,1,6,0,0,0,0,0,0,3,0,0,3,3,1,0,0,1,1,0.2240,500,388,500,124,0,0,1,0,0,0,0,0,0,0,0,0.2240,0.2240,51,0,0,1,15,36,50,2,0,0,0,0,0,2,51,2,38583,0,0,0,0,0,0,0,0,0,0,0,0,0,0,0,0,0,0,0,0,0,0,,0,0,0,0,0,0,0,0,0,0,0,0,0,0,0,0,0,0,0,0,0,0,0,0,0,0,0,0,0,0,0,0,0,0,0,0,0,0,0,0,0,0,0,0,0,0,0,0,0,,0,0,0,0,0,0,,0,0,0,0,0,0,,0,0,0,0,0,0,0,0,0,0,0,0,0,0,0,0,0,0,0,0,0,0,0,0,0,0,0,0,0,0,0,0,0,0,0,0,0,0,0,0,0,0,0,0,0,0,0,0,0,0,0,0,0,0,0,0,0,0,0,1.0000,1.0000,0,0,0,0,0,0,0,1,1,112,112,500,388,4,4,4.0000,0,0,,0,1,1,1,1,0,0,0,0,0,,0,,,,0,,0,0,0,0,0,,,,,0,0,0,0.0060,112,0,0.0000,0,0,0,112,0,112,1,1,1,0,0,2,,,,0,0,,0,,0,,0,0,0,0,,0,,622
1588332,11,0,4,11,0,2,3,0,0,0,0,0,0,3,3,0,1,1,3,3,1,1,0,0,0,0,0,0,0,7,1,1,1,5,4,1,1,1,3,0.4258,850,488,300,250,0,0,0,0,0,0,1,1,0,0,0,0.7119,0.0000,0,0,0,0,0,0,0,0,0,0,0,0,0,0,0,0,0,0,0,0,0,0,0,0,0,0,0,0,0,0,0,0,0,0,0,0,0,0,0,,0,0,0,0,0,0,0,0,0,0,0,0,0,0,0,0,0,0,0,0,0,0,0,0,0,0,0,0,0,0,0,0,0,0,0,0,0,0,0,0,0,0,0,0,0,0,0,0,0,,0,0,0,0,0,0,,0,0,0,0,0,0,,0,0,0,0,0,0,0,0,0,0,0,0,0,0,0,0,0,0,0,0,0,0,0,0,0,0,0,0,0,0,0,0,0,0,0,0,0,0,0,0,0,0,0,0,0,0,0,0,0,0,0,0,0,0,0,0,0,0,0,0.6666,0.6666,0,0,0,0,0,0,2,2,3,362,184,300,488,11,0,4.0000,0,0,,0,1,1,1,1,0,0,0,0,0,,0,,,,0,,0,0,0,0,0,,,,,0,0,0,0.4258,362,0,,0,0,0,362,0,362,1,1,1,0,0,,,,,0,0,,0,,0,,0,0,0,0,,0,,635
1348148,292,5,148,361,1,1,1,0,0,1,4,3,6,15,2,13,7,2,4,1,3,1,6,1,1,1,5,5,3,1,0,0,0,1,1,0,0,0,1,0.0826,22000,20182,22000,0,1,0,0,0,0,0,0,0,0,0,0,0.0826,0.0826,0,0,0,0,0,0,0,0,0,0,0,0,0,0,0,0,0,0,0,0,0,0,0,0,0,0,0,0,0,0,0,0,0,0,0,0,0,0,0,,0,0,0,0,0,0,0,0,0,0,0,0,0,0,0,0,0,0,0,0,0,0,0,0,0,0,0,0,0,0,0,0,0,0,0,0,0,0,0,0,0,0,0,0,0,0,0,0,0,1,0,0,0,0,0,0,1,0,0,0,0,0,0,,0,0,0,0,0,0,0,0,0,0,0,0,0,0,0,0,0,0,0,0,0,0,0,0,0,0,0,0,0,0,0,0,0,0,0,0,0,0,0,0,0,0,0,0,0,0,0,0,0,0,0,0,0,0,0,0,0,0,0,1.0000,1.0000,1,1,1,1,1,1,0,0,0,1818,1818,22000,20182,292,292,292.0000,0,0,,0,1,1,1,1,1,1,5,1,0,1,0,5,5,5.0000,414420,0.9938,1,1,1,0,0,,,,,0,0,0,0.2853,416238,0,,0,0,0,416238,0,416238,1,1,1,0,0,1,,,,0,414420,,0,,0,,0,0,0,0,,0,,811
1455637,102,31,66,216,0,0,0,0,1,0,0,2,2,5,2,3,2,2,0,0,0,0,5,0,1,0,0,4,0,2,0,0,0,2,1,0,0,0,1,,0,0,,,0,0,0,0,0,0,0,0,0,0,0,,,4,0,0,0,0,0,0,2,0,0,0,0,0,0,4,2,1652,1,0,0,0,0,1,0,0,0,0,0,0,0,1,0,0,0,0,0,0,0,1,53,1,0,0,0,1,1,1,1,0,0,0,1,6,0,0,0,0,0,0,0,0,0,0,0,0,0,0,0,0,0,0,0,0,0,0,0,0,0,0,0,0,0,0,0,0,0,0,0,0,,0,0,0,0,0,0,,0,0,0,0,0,0,1,0,0,0,0,0,1,0,0,0,1,1,0,0,0,0,0,0,0,1,0,0,0,1,6,0,0,0,0,0,0,0,0,0,0,0,0,0,0,0,0,0,0,0,0,0,0,0,0,0,0,0,0,0,0,0,0,0,0,0,,,0,0,0,0,0,0,0,0,0,0,,,0,,,,0,0,,0,0,0,0,0,0,0,0,0,0,,0,,,,0,,0,0,0,1,22493,31,31,31.0000,0.7491,1,1,1,0.4909,37532,15039,0.8247,1,1,1,22493,0,22493,1,1,1,2,1,9,102,31,66.5000,22493,22493,0.7491,0,,22493,0.7491,1,1,1,0,,0,,576
1097158,114,3,45,132,0,1,1,1,1,3,0,0,2,8,5,3,3,3,4,2,1,1,4,0,1,1,0,3,4,3,0,0,0,0,2,0,0,0,0,0.7036,1100,326,700,500,0,0,0,0,0,1,0,1,0,0,1,0.8000,0.5879,0,0,0,0,0,0,0,0,0,0,0,0,0,0,0,0,0,2,0,0,0,0,0,1,0,0,0,0,0,0,0,0,0,0,0,0,0,0,0,90,0,0,0,0,0,0,0,2,1,0,0,1,3,1,1,1,1,1,1,1,1,3,3,0,0,0,0,0,0,0,0,2,2,0,0,0,1,1,0,0,0,2,2,0,0,0,1,1,0,2,1,1,1,1,1,0,,0,0,0,0,0,0,1,0,0,0,0,0,1,0,0,0,1,1,1,0,0,0,1,1,0,2,1,0,0,1,3,1,1,1,1,1,1,1,1,3,3,0,0,0,0,0,0,0,0,2,2,0,0,0,1,1,0,0,0,2,2,0,0,0,1,1,1.0000,1.0000,0,0,0,0,0,0,0,0,0,1627,853,700,326,40,16,28.0000,2,0,,0,1,1,1,1,0,0,0,0,0,,0,,,,0,,0,0,0,1,17239,114,3,58.5000,0.9879,1,1,1,0.9746,50747,853,1.2185,0,0,1,49894,32361,17533,1,1,1,3,0,5,114,3,57.6666,49120,49120,1.0777,31881,1.1335,17239,0.9879,1,1,1,0,5,31881,1.1335,581
1255893,80,2,32,129,0,4,4,2,4,4,7,7,2,30,9,21,7,5,6,6,2,2,23,0,1,1,0,6,4,8,0,1,6,6,4,0,1,2,2,0.2834,8992,6162,2800,392,2,1,1,1,0,1,0,0,0,0,0,0.5300,0.0040,1,0,0,0,0,0,1,0,0,0,0,0,0,0,0,0,339,0,0,0,0,0,0,0,0,0,0,0,0,0,0,0,0,0,0,0,0,0,0,,0,0,0,0,0,0,0,0,0,0,0,0,0,0,0,0,0,0,0,0,0,0,0,0,0,0,0,0,0,0,0,0,0,0,0,0,0,0,0,0,0,0,0,0,0,0,0,0,0,1,0,0,0,0,0,0,,0,0,0,0,0,0,1,0,0,0,0,0,1,0,0,0,0,0,0,0,0,0,0,0,0,3,0,1,1,1,10,0,0,0,0,2,0,0,0,0,5,0,0,0,0,1,0,0,0,0,3,0,0,0,0,2,0,0,0,0,2,0,0,0,0,0,1.0000,1.0000,4,1,0,0,0,0,1,2,2,2438,1007,2800,6162,37,2,21.8333,0,0,,0,1,1,1,1,0,0,0,0,0,,0,,,,0,,0,0,0,1,30837,4,4,4.0000,0.9729,1,1,1,0.2290,33275,0,0.0000,0,0,0,33275,0,33275,1,1,1,2,0,9,80,4,42.0000,30837,30837,0.9729,0,,30837,0.9729,1,1,1,0,,0,,678
928670,119,119,119,119,0,0,0,0,0,0,0,0,3,3,1,2,2,1,0,0,0,0,3,0,0,0,0,0,0,4,0,0,3,4,2,0,0,1,2,,0,0,,,0,0,0,0,0,0,0,0,0,0,0,,,3,0,0,3,3,3,3,1,0,0,1,1,1,1,0,0,708,1,0,1,1,1,1,0,0,0,0,0,0,0,1,0,0,0,0,0,0,0,1,6,0,0,0,0,0,0,0,0,0,0,0,0,0,0,0,0,0,0,0,0,0,0,0,0,0,0,0,0,0,0,0,0,0,0,0,0,0,0,0,0,0,0,0,0,0,0,0,0,0,,0,0,0,0,0,0,,0,0,0,0,0,0,,0,0,0,0,0,0,0,0,0,0,0,0,0,0,0,0,0,0,0,0,0,0,0,0,0,0,0,0,0,0,0,0,0,0,0,0,0,0,0,0,0,0,0,0,0,0,0,0,0,0,0,0,0,0,0,0,0,0,0,,,0,0,0,0,0,0,0,0,0,0,,,0,,,,0,0,,0,0,0,0,0,0,0,0,0,0,,0,,,,0,,0,0,0,0,0,,,,,0,0,0,0.0000,0,0,,0,0,0,0,0,0,0,0,0,1,0,1,119,119,119.0000,0,0,,0,,0,,0,0,0,0,,0,,523
1174542,20,6,12,110,0,0,2,5,1,0,1,2,2,13,3,10,5,1,11,3,3,1,2,0,1,1,0,1,7,11,0,0,1,4,9,0,0,1,3,1.2038,1300,-265,700,300,0,0,0,0,0,0,0,0,0,0,5,1.4733,1.0433,3,0,0,0,1,2,2,0,0,0,0,0,0,0,1,0,2171,1,0,1,1,1,1,0,0,0,0,0,0,0,0,0,1,0,0,0,0,0,1,6,2,1,1,0,0,1,0,2,1,1,0,0,2,2,2,2,2,2,2,2,2,2,2,0,0,0,0,0,0,0,0,0,0,0,0,0,0,0,0,0,0,0,0,0,0,0,0,0,1,3,2,2,2,2,2,0,,0,0,0,0,0,0,,0,0,0,0,0,6,4,4,4,4,4,2,1,1,1,1,1,0,3,1,1,0,1,6,3,4,4,4,4,5,6,6,6,6,1,1,1,1,1,2,2,2,2,2,1,1,1,1,1,1,1,1,1,1,0,0,0,0,0,1.0000,1.0000,0,0,0,0,0,0,0,0,2,5227,1313,700,-265,20,6,12.3333,9,2,1.2520,1252,1,1,1,1,0,0,0,0,0,,0,,,,0,,0,0,0,0,0,,,,,1,1,1,0.9495,17575,5039,0.9972,2,3,3,1565,1565,0,1,1,1,0,0,9,,,,0,0,,0,,0,,1,1,1,0,,0,,338
1400021,225,55,118,225,1,1,1,0,0,2,1,0,4,8,5,3,3,3,6,3,2,2,0,1,0,1,1,0,4,0,0,0,0,0,0,0,0,0,0,0.1401,8900,7653,6600,2300,0,1,1,0,0,0,0,0,0,0,0,0.2021,0.1184,0,0,0,0,0,0,0,0,0,0,0,0,0,0,0,0,0,0,0,0,0,0,0,0,0,0,0,0,0,0,0,0,0,0,0,0,0,0,0,,0,0,0,0,0,0,0,0,0,0,0,0,0,0,0,0,0,0,0,0,0,0,0,0,0,0,0,0,0,0,0,0,0,0,0,0,0,0,0,0,0,0,0,0,0,0,0,0,0,1,0,0,0,0,0,0,1,0,0,0,0,0,0,,0,0,0,0,0,0,0,0,0,0,0,0,0,0,0,0,0,0,0,0,0,0,0,0,0,0,0,0,0,0,0,0,0,0,0,0,0,0,0,0,0,0,0,0,0,0,0,0,0,0,0,0,0,0,0,0,0,0,0,0.6666,0.6666,2,2,1,1,0,0,1,1,1,2599,1352,6600,7653,225,0,116.5000,0,0,,0,1,1,1,1,1,1,1,1,0,1,0,125,125,125.0000,70227,0.7490,1,1,1,0,0,,,,,0,0,0,0.5666,72826,0,,0,0,0,72826,0,72826,1,1,1,0,0,,,,,0,70227,,0,,0,,0,0,0,0,,0,,802
614467,95,2,59,95,0,1,1,0,0,2,1,5,0,9,5,4,3,2,1,1,1,1,8,0,0,0,0,0,0,1,0,0,0,1,1,0,0,0,1,1.0040,500,-2,500,500,0,0,0,0,0,0,0,0,0,0,1,1.0040,1.0040,11,0,0,0,3,8,11,2,0,0,0,1,2,2,3,0,13864,1,0,0,0,0,1,0,0,0,0,0,0,0,1,0,0,0,0,0,0,0,1,47,4,0,0,0,4,4,4,4,0,0,0,4,56,0,0,0,0,0,8,20,32,32,56,0,0,0,0,0,8,20,32,32,56,0,0,4,4,8,8,20,32,32,56,8,20,28,28,48,0,,0,0,0,0,0,0,,0,0,0,0,0,0,,0,0,0,0,0,1,0,0,0,0,0,0,0,0,0,0,0,0,5,0,0,0,5,59,0,0,0,0,0,8,20,32,32,56,0,0,0,0,0,8,20,32,32,56,0,0,4,4,8,8,20,32,32,56,8,20,28,28,48,1.0000,,0,0,0,0,0,0,0,0,0,0,,,0,,,,0,0,,0,0,0,0,0,0,0,0,0,0,,0,,,,0,,0,0,0,0,0,,,,,0,0,0,0.5888,18172,17670,0.7354,4,4,4,16054,15552,502,1,1,1,4,4,9,95,54,74.0000,15552,15552,1.4032,15552,1.4032,0,,1,1,1,1,5,15552,1.4032,461
1205806,94,42,75,208,1,0,0,0,0,1,7,4,8,20,9,11,6,2,6,1,2,1,12,1,1,1,2,1,4,1,0,0,0,0,0,0,0,0,0,0.0000,400,400,11000,400,0,0,0,1,1,0,0,0,0,0,1,0.0000,0.0000,7,0,3,4,4,6,7,2,0,1,2,2,2,2,6,2,1544,0,0,0,0,0,0,0,0,0,0,0,0,0,0,0,0,0,0,0,0,0,0,,0,0,0,0,0,0,0,8,0,0,0,8,61,0,0,0,0,0,0,48,56,61,61,0,0,0,5,5,0,48,56,61,61,0,0,8,8,8,0,48,56,56,56,0,48,48,48,48,0,,0,0,0,0,0,0,,0,0,0,0,0,0,,0,0,0,0,0,3,0,0,0,0,1,3,0,0,0,0,1,0,9,0,0,0,9,66,0,0,0,0,0,0,48,56,61,61,0,0,0,5,5,0,48,56,61,61,0,0,8,8,8,0,48,56,56,56,0,48,48,48,48,0.0000,0.0000,0,0,0,0,0,0,0,0,0,13895,7290,11000,400,42,42,42.0000,3,0,,0,1,1,1,1,0,1,2,0,0,5,1,,,,0,,0,0,0,0,0,,,,,0,0,0,0.1104,38371,13895,0.0894,0,0,0,24476,24476,0,1,1,1,8,0,5,94,67,80.1250,24476,24476,1.3028,24476,1.3028,0,,1,1,1,1,5,24476,1.3028,630
1141237,148,7,77,493,0,0,1,1,1,2,1,1,9,16,2,14,3,2,16,2,3,2,0,0,0,1,0,0,9,1,1,1,1,1,1,1,1,1,1,0.0808,4900,4504,10000,124,1,0,0,0,0,0,0,0,0,0,0,0.0808,0.0808,0,0,0,0,0,0,0,0,0,0,0,0,0,0,0,0,0,0,0,0,0,0,0,0,0,0,0,0,0,0,0,0,0,0,0,0,0,0,0,,0,0,0,0,0,0,0,0,0,0,0,0,0,0,0,0,0,0,0,0,0,0,0,0,0,0,0,0,0,0,0,0,0,0,0,0,0,0,0,0,0,0,0,0,0,0,0,0,0,1,0,0,0,0,0,0,,0,0,0,0,0,0,,0,0,0,0,0,0,0,0,0,0,0,0,0,0,0,0,0,0,0,0,0,0,0,0,0,0,0,0,0,0,0,0,0,0,0,0,0,0,0,0,0,0,0,0,0,0,0,0,0,0,0,0,0,0,0,0,0,0,0,0.5000,0.5000,1,1,1,0,0,0,0,0,1,396,396,10000,4504,148,7,77.5000,0,0,,0,1,1,1,1,0,0,0,0,0,,0,,,,0,,0,0,0,0,0,,,,,0,0,0,0.0093,396,0,,0,0,0,396,0,396,1,1,1,0,0,,,,,0,0,,0,,0,,0,0,0,0,,0,,817
1387362,213,32,125,316,1,0,0,0,1,0,0,3,10,14,5,9,8,5,10,2,4,2,2,1,1,1,1,2,7,1,1,1,1,1,1,1,1,1,1,0.4177,41500,24163,37000,2000,0,0,1,0,0,0,0,0,1,0,0,0.8530,0.2406,0,0,0,0,0,0,0,0,0,0,0,0,0,0,0,0,0,1,0,0,0,0,0,0,0,0,0,0,0,0,0,0,1,1,0,0,0,0,0,82,0,0,0,0,0,0,0,1,0,0,1,0,14,1,2,5,6,9,1,3,8,9,13,0,1,2,2,3,0,1,3,3,4,0,0,1,1,1,0,0,1,1,1,0,0,0,0,0,0,1,0,0,0,0,0,0,1,0,0,0,0,0,0,1,0,0,0,0,0,0,0,0,0,0,0,0,0,0,0,0,0,0,1,0,0,1,0,14,1,2,5,6,9,1,3,8,9,13,0,1,2,2,3,0,1,3,3,4,0,0,1,1,1,0,0,1,1,1,0,0,0,0,0,1.0000,1.0000,2,2,2,2,2,1,0,0,0,17337,10237,29500,24163,213,134,173.5000,0,0,,0,1,1,1,1,1,1,1,1,0,1,0,121,121,121.0000,274377,0.5123,1,1,1,1,987,32,32,32.0000,0.1110,1,1,1,0.4045,293091,0,,0,0,1,293091,390,292701,1,1,1,1,0,1,32,32,32.0000,987,275364,0.1110,0,,987,0.1110,1,1,1,0,,0,,787
1219592,321,2,85,321,0,2,2,1,0,3,1,0,3,10,4,6,2,2,10,4,2,2,0,0,0,1,0,0,6,2,0,0,0,1,2,0,0,0,1,0.8458,5650,239,5000,250,0,0,0,0,0,0,1,1,0,1,0,0.9737,0.6800,0,0,0,0,0,0,0,0,0,0,0,0,0,0,0,0,0,1,0,0,0,0,1,0,0,0,0,0,0,0,1,1,0,0,0,0,0,0,0,58,0,0,0,0,0,0,0,0,0,0,0,0,0,0,0,0,0,0,0,0,0,0,0,0,0,0,0,0,0,0,0,0,0,0,0,0,0,0,0,0,0,0,0,0,0,0,0,0,0,1,0,0,0,0,0,0,,0,0,0,0,0,0,,0,0,0,0,0,2,0,0,0,2,2,0,0,0,0,0,0,0,2,0,0,1,1,13,0,0,1,3,7,0,0,1,8,13,0,0,0,2,3,0,0,0,5,6,0,0,0,2,2,0,0,0,3,3,0,0,0,1,1,0.7500,0.7500,1,1,1,0,0,0,1,2,2,1832,779,5000,239,321,2,85.2500,4,0,,0,1,1,1,1,0,0,0,0,0,,0,,,,0,,0,0,0,0,0,,,,,0,0,0,0.1487,1832,521,0.7787,0,0,0,1311,0,1311,1,1,1,0,0,,,,,0,0,,0,,0,,0,0,0,0,,0,,563
965547,166,2,82,343,1,1,1,0,0,3,1,1,9,15,3,12,5,3,10,2,2,2,2,1,0,1,3,0,5,2,0,0,1,2,2,0,0,1,2,0.0934,16600,15049,16100,100,1,0,0,0,0,0,0,0,0,0,0,0.0963,0.0000,0,0,0,0,0,0,0,0,0,0,0,0,0,0,0,0,0,0,0,0,0,0,0,0,0,0,0,0,0,0,0,0,0,0,0,0,0,0,0,,0,0,0,0,0,0,0,0,0,0,0,0,0,0,0,0,0,0,0,0,0,0,0,0,0,0,0,0,0,0,0,0,0,0,0,0,0,0,0,0,0,0,0,0,0,0,0,0,0,1,0,0,0,0,0,0,1,0,0,0,0,0,0,,0,0,0,0,0,0,0,0,0,0,0,0,0,0,0,0,0,0,0,0,0,0,0,0,0,0,0,0,0,0,0,0,0,0,0,0,0,0,0,0,0,0,0,0,0,0,0,0,0,0,0,0,0,0,0,0,0,0,0,0.5000,0.5000,1,1,1,1,1,1,1,1,1,1551,1551,16100,15049,166,2,84.0000,0,0,,0,1,1,1,1,1,1,3,1,0,1,0,80,80,80.0000,142814,0.7596,1,1,1,0,0,,,,,0,0,0,0.2712,144365,0,,0,0,0,144365,0,144365,1,1,1,0,0,1,,,,0,142814,,0,,0,,0,0,0,0,,0,,815
1601053,299,1,84,379,0,2,2,0,0,5,4,1,6,18,5,13,6,4,13,3,3,2,1,1,1,1,3,1,5,0,0,0,0,0,0,0,0,0,0,0.2965,102500,72107,40000,124,2,0,0,0,0,0,0,1,0,0,0,0.7540,0.0000,0,0,0,0,0,0,0,0,0,0,0,0,0,0,0,0,0,0,0,0,0,0,0,0,0,0,0,0,0,0,0,0,0,0,0,0,0,0,0,,0,0,0,0,0,0,0,0,0,0,0,0,0,0,0,0,0,0,0,0,0,0,0,0,0,0,0,0,0,0,0,0,0,0,0,0,0,0,0,0,0,0,0,0,0,0,0,0,0,1,0,0,0,0,0,0,1,0,0,0,0,0,0,,0,0,0,0,0,0,0,0,0,0,0,0,0,0,0,0,0,0,0,0,0,0,0,0,0,0,0,0,0,0,0,0,0,0,0,0,0,0,0,0,0,0,0,0,0,0,0,0,0,0,0,0,0,0,0,0,0,0,0,0.6666,0.6666,3,3,3,3,2,2,2,2,2,232,133,31000,62268,299,1,100.3333,0,0,,0,1,1,1,1,1,1,4,2,0,1,0,64,55,59.5000,171147,0.8781,1,1,1,0,0,,,,,0,0,0,0.3086,171379,0,,0,0,0,171379,0,171379,1,1,1,0,0,1,,,,0,140986,,0,,0,,0,0,0,0,,0,,815
837525,,,,50,1,0,0,0,1,2,0,0,0,3,0,3,3,0,2,0,2,0,0,0,0,1,0,0,1,0,0,0,0,0,0,0,0,0,0,,0,0,500,300,0,0,0,0,0,0,0,0,0,0,0,,,2,0,0,1,2,2,2,0,0,0,0,0,0,0,0,0,3258,0,0,0,0,0,0,0,0,0,0,0,0,0,0,0,0,0,0,0,0,0,0,,0,0,0,0,0,0,0,0,0,0,0,0,0,0,0,0,0,0,0,0,0,0,0,0,0,0,0,0,0,0,0,0,0,0,0,0,0,0,0,0,0,0,0,0,0,0,0,0,0,,0,0,0,0,0,0,,0,0,0,0,0,0,,0,0,0,0,0,1,0,0,0,1,1,1,0,0,0,1,1,0,0,0,0,0,0,0,0,0,0,0,0,0,0,0,0,0,0,0,0,0,0,0,0,0,0,0,0,0,0,0,0,0,0,0,0,0,0,0,0,0,0,,,0,0,0,0,0,0,0,0,0,0,0,500,0,,,,1,0,,0,0,0,0,1,0,0,0,0,0,,0,,,,0,,0,0,0,0,0,,,,,0,0,0,0.4959,787,0,0.0000,0,0,0,0,0,0,1,1,1,0,0,,,,,0,0,,0,,0,,0,0,0,0,,0,,516
840083,124,72,102,124,0,0,0,0,0,0,2,2,6,10,6,4,6,4,3,3,1,1,2,1,1,1,4,1,3,0,0,0,0,0,0,0,0,0,0,0.1221,11100,9481,8800,300,0,0,0,0,0,0,1,0,0,0,0,0.6594,0.0000,0,0,0,0,0,0,0,0,0,0,0,0,0,0,0,0,0,0,0,0,0,0,0,0,0,0,0,0,0,0,0,0,0,0,0,0,0,0,0,,2,1,0,0,1,1,1,1,0,0,0,1,8,1,2,2,3,3,3,7,7,8,8,1,2,2,2,2,2,5,5,5,5,1,2,2,2,2,1,3,3,3,3,0,1,1,1,1,1,2,0,0,0,0,0,0,1,0,0,0,0,0,0,,0,0,0,0,0,0,0,0,0,0,0,0,0,0,0,0,0,0,3,0,2,0,1,39,1,2,2,3,14,3,7,7,8,20,1,2,2,2,3,2,5,5,5,6,1,2,2,2,2,1,3,3,3,3,0,1,1,1,1,0.3333,0.3333,2,1,1,1,0,0,0,0,0,1319,1319,8800,9481,124,72,89.3333,1,1,,0,1,1,1,1,1,1,4,2,0,3,1,123,123,123.0000,95795,0.8499,1,1,1,0,0,,,,,0,0,0,0.4123,99397,2283,,2,2,2,99397,2283,97114,1,1,1,0,0,3,,,,0,95795,,0,,0,,0,0,0,0,3,0,,708
1135357,79,4,47,124,0,2,3,0,0,1,16,0,1,21,8,13,2,2,1,1,1,1,19,0,0,1,0,0,1,6,1,1,1,4,3,1,1,1,3,0.5879,500,206,500,500,0,0,0,0,0,1,0,0,0,0,0,0.5879,0.5879,4,0,0,1,1,3,3,0,0,0,0,0,0,0,2,0,2171,0,0,0,0,0,0,0,0,0,0,0,0,0,0,0,0,0,0,0,0,0,0,,0,0,0,0,0,0,0,5,0,0,5,0,5,0,0,0,0,0,0,5,5,5,5,0,0,0,0,0,0,5,5,5,5,0,5,5,5,5,0,5,5,5,5,0,0,0,0,0,0,1,0,0,0,0,0,0,,0,0,0,0,0,0,,0,0,0,0,0,0,0,0,0,0,0,0,0,0,0,0,0,0,16,0,0,5,11,74,0,0,0,0,0,0,5,5,45,60,0,0,0,0,0,0,5,5,45,60,0,5,5,5,15,0,5,5,45,60,0,0,0,40,45,1.0000,1.0000,0,0,0,0,0,0,0,0,1,294,294,500,206,6,6,6.0000,0,0,,0,1,1,1,1,0,0,0,0,0,,0,,,,0,,0,0,0,0,0,,,,,0,0,0,0.3654,45991,0,0.0000,0,0,0,45991,27250,18741,1,1,1,7,0,5,79,4,52.8571,45697,45697,1.1933,27250,1.3625,18447,1.0084,1,1,1,1,5,45697,1.1933,555
1544039,79,20,52,79,0,0,0,2,0,1,8,0,0,11,5,6,4,2,5,3,2,1,6,0,0,1,0,0,3,3,0,0,1,2,3,0,0,1,2,0.9051,1550,147,600,150,0,0,0,0,0,0,0,0,1,2,0,0.9733,0.8159,0,0,0,0,0,0,0,0,0,0,0,0,0,0,0,0,0,0,0,0,0,0,0,0,0,0,0,0,0,0,0,0,0,0,0,0,0,0,0,,0,0,0,0,0,0,0,3,1,0,0,2,13,0,1,1,1,1,0,3,7,13,13,0,0,0,0,0,0,2,6,12,12,0,0,2,5,5,0,2,6,12,12,0,2,4,7,7,0,2,0,1,1,1,1,0,,0,0,0,0,0,0,,0,0,0,0,0,0,0,0,0,0,0,0,0,0,0,0,0,0,5,1,0,2,2,16,0,1,1,1,2,0,3,7,13,14,0,0,0,0,0,0,2,6,12,12,0,0,2,5,5,0,2,6,12,12,0,2,4,7,7,1.0000,1.0000,0,0,0,0,0,0,0,0,0,1403,584,600,147,65,20,35.3333,2,0,,0,1,1,1,1,0,0,0,0,0,,0,,,,0,,0,0,0,0,0,,,,,0,0,0,0.6484,26900,0,0.0000,0,0,0,26900,26081,819,1,1,1,2,0,5,79,75,77.0000,25497,25497,1.1589,25497,1.1589,0,,1,1,1,1,5,25497,1.1589,577
1084945,,,,,0,0,0,0,0,0,0,0,0,0,0,0,0,0,0,0,0,0,0,0,0,0,0,0,0,29,0,0,2,4,8,0,0,2,3,,0,0,,,0,0,0,0,0,0,0,0,0,0,0,,,3,0,0,2,3,3,3,0,0,0,0,0,0,0,0,0,4843,1,0,0,0,1,1,1,0,0,0,1,1,1,0,0,0,0,0,0,0,0,0,30,0,0,0,0,0,0,0,0,0,0,0,0,0,0,0,0,0,0,0,0,0,0,0,0,0,0,0,0,0,0,0,0,0,0,0,0,0,0,0,0,0,0,0,0,0,0,0,0,0,,0,0,0,0,0,0,,0,0,0,0,0,0,,0,0,0,0,0,0,0,0,0,0,0,0,0,0,0,0,0,0,0,0,0,0,0,0,0,0,0,0,0,0,0,0,0,0,0,0,0,0,0,0,0,0,0,0,0,0,0,0,0,0,0,0,0,0,0,0,0,0,0,,,0,0,0,0,0,0,0,0,0,0,,,0,,,,0,0,,0,0,0,0,0,0,0,0,0,0,,0,,,,0,,0,0,0,0,0,,,,,0,0,0,,0,0,,0,0,0,0,0,0,0,0,0,0,0,,,,,0,0,,0,,0,,0,0,0,0,,0,,483
1342895,21,3,11,21,0,2,3,2,0,0,0,0,0,5,5,0,2,2,4,4,1,1,1,0,0,1,0,0,4,22,0,0,1,11,10,0,0,1,4,1.0161,1800,-29,700,300,0,0,0,0,0,0,0,0,1,1,2,1.1339,0.8399,1,0,0,0,0,0,0,0,0,0,0,0,0,0,1,0,529,0,0,0,0,0,0,0,0,0,0,0,0,0,0,0,0,0,0,0,0,0,0,,1,1,0,0,0,0,0,0,0,0,0,0,0,0,0,0,0,0,0,0,0,0,0,0,0,0,0,0,0,0,0,0,0,0,0,0,0,0,0,0,0,0,0,0,0,0,0,0,1,2,0,0,0,0,0,0,,0,0,0,0,0,0,,0,0,0,0,0,0,0,0,0,0,0,0,0,0,0,0,0,0,0,0,0,0,0,0,0,0,0,0,0,0,0,0,0,0,0,0,0,0,0,0,0,0,0,0,0,0,0,0,0,0,0,0,0,0,0,0,0,0,0,1.0000,1.0000,0,0,0,0,0,0,0,2,3,1829,725,700,-29,19,3,8.5000,1,1,1.1339,567,1,1,1,1,0,0,0,0,0,,0,,,,0,,0,0,0,0,0,,,,,0,0,0,1.0122,7940,567,1.1339,1,1,1,7940,567,7373,1,1,1,1,0,1,21,21,21.0000,6111,6111,1.0110,0,,6111,1.0110,1,1,1,0,1,6111,1.0110,498
1441720,4,4,4,214,0,1,1,0,0,6,0,2,3,12,1,11,4,1,0,0,0,0,12,0,1,0,0,6,0,17,1,1,7,14,13,1,1,6,10,,0,0,,,0,0,0,0,0,0,0,0,0,0,0,,,1,0,0,0,0,1,1,0,0,0,0,0,0,0,0,0,182,0,0,0,0,0,0,0,0,0,0,0,0,0,0,0,0,0,0,0,0,0,0,,0,0,0,0,0,0,0,0,0,0,0,0,0,0,0,0,0,0,0,0,0,0,0,0,0,0,0,0,0,0,0,0,0,0,0,0,0,0,0,0,0,0,0,0,0,0,0,0,0,,0,0,0,0,0,0,,0,0,0,0,0,0,1,0,0,0,0,0,3,0,0,1,3,3,0,0,0,0,0,0,1,3,1,0,0,2,37,0,0,0,0,0,0,0,0,9,16,0,0,0,0,0,0,0,0,9,16,0,0,0,1,1,0,0,0,9,16,0,0,0,8,15,,,0,0,0,0,0,0,0,0,0,0,,,0,,,,0,0,,0,0,0,0,0,0,0,0,0,0,,0,,,,0,,0,0,0,1,14581,4,4,4.0000,0.9836,1,1,1,0.3727,31454,16873,0.5041,0,0,0,14581,0,14581,1,1,1,1,0,9,4,4,4.0000,14581,14581,0.9836,0,,14581,0.9836,1,1,1,1,5,0,,533
1531188,345,42,149,345,0,0,0,0,0,2,1,1,8,12,3,9,5,3,6,1,2,1,3,1,1,1,3,1,1,1,0,0,1,1,1,0,0,1,1,0.0644,13900,13004,13900,1000,1,0,0,0,0,0,0,0,0,0,0,0.0644,0.0644,0,0,0,0,0,0,0,0,0,0,0,0,0,0,0,0,0,0,0,0,0,0,0,0,0,0,0,0,0,0,0,0,0,0,0,0,0,0,0,,0,0,0,0,0,0,0,0,0,0,0,0,0,0,0,0,0,0,0,0,0,0,0,0,0,0,0,0,0,0,0,0,0,0,0,0,0,0,0,0,0,0,0,0,0,0,0,0,0,1,0,0,0,0,0,0,1,0,0,0,0,0,0,1,0,0,0,0,0,0,0,0,0,0,0,0,0,0,0,0,0,0,0,0,0,0,0,0,0,0,0,0,0,0,0,0,0,0,0,0,0,0,0,0,0,0,0,0,0,0,0,0,0,0,0,0,0,0,0,0,0,0,0,1.0000,1.0000,1,1,1,1,1,0,0,0,0,896,896,13900,13004,345,345,345.0000,0,0,,0,1,1,1,1,1,1,3,1,0,1,0,61,61,61.0000,65027,0.7068,1,1,1,1,785,42,42,42.0000,0.0965,1,1,1,0.1940,66708,0,,0,0,0,66708,0,66708,1,1,1,1,0,1,42,42,42.0000,785,65812,0.0965,0,,785,0.0965,1,1,1,0,,0,,823
1425373,291,161,226,429,1,0,0,0,0,0,0,2,11,13,2,11,6,2,7,1,2,1,2,1,1,1,2,1,3,0,0,0,0,0,0,0,0,0,0,0.9333,1500,100,204000,200,0,0,0,0,0,0,0,0,0,2,1,0.9333,0.9333,2,0,0,0,0,2,2,0,0,0,0,0,0,0,0,0,23843,3,0,0,0,1,2,0,0,0,0,0,0,0,0,0,1,0,0,0,0,0,3,14,1,1,0,0,0,0,0,1,0,0,0,1,11,0,0,2,2,2,0,1,11,11,11,0,0,1,1,1,0,1,9,9,9,0,0,2,2,2,0,1,8,8,8,0,1,6,6,6,0,1,0,0,0,0,0,1,5,0,1,11,11,11,0,,0,0,0,0,0,2,0,0,0,0,0,1,0,0,0,0,0,0,3,0,1,0,2,63,0,0,4,6,6,0,1,14,27,39,0,0,2,3,3,0,1,10,21,33,0,0,2,2,2,0,1,8,18,30,0,1,6,16,28,1.0000,1.0000,1,0,0,0,0,0,0,0,0,10636,9236,7400,100,291,291,291.0000,3,0,,0,1,1,1,1,1,1,4,1,1,9,3,161,161,161.0000,335035,1.1318,1,1,1,0,0,,,,,0,0,0,0.5236,549432,548032,0.6821,1,1,1,336435,335035,1400,1,1,1,0,0,1,,,,0,335035,,0,,0,,0,0,0,0,1,0,,529
1270332,1,1,1,1,0,2,2,0,0,0,0,0,0,2,2,0,1,1,0,0,0,0,2,0,0,0,0,0,0,25,1,2,8,11,10,1,1,3,5,,0,0,,,0,0,0,0,0,0,0,0,0,0,0,,,0,0,0,0,0,0,0,0,0,0,0,0,0,0,0,0,0,0,0,0,0,0,0,0,0,0,0,0,0,0,0,0,0,0,0,0,0,0,0,,0,0,0,0,0,0,0,0,0,0,0,0,0,0,0,0,0,0,0,0,0,0,0,0,0,0,0,0,0,0,0,0,0,0,0,0,0,0,0,0,0,0,0,0,0,0,0,0,0,,0,0,0,0,0,0,,0,0,0,0,0,0,,0,0,0,0,0,0,0,0,0,0,0,0,0,0,0,0,0,0,0,0,0,0,0,0,0,0,0,0,0,0,0,0,0,0,0,0,0,0,0,0,0,0,0,0,0,0,0,0,0,0,0,0,0,0,0,0,0,0,0,,,0,0,0,0,0,0,0,0,0,0,,,0,,,,0,0,,0,0,0,0,0,0,0,0,0,0,,0,,,,0,,0,0,0,0,0,,,,,0,0,0,1.0007,2752,0,,0,0,0,2752,0,2752,1,1,1,2,0,1,1,1,1.0000,2752,2752,1.0007,0,,2752,1.0007,1,1,1,0,1,2752,1.0007,541
1300621,236,1,128,236,0,1,1,0,0,0,1,0,6,8,3,5,6,3,2,2,2,2,2,1,1,1,4,1,1,1,0,1,1,1,1,0,1,1,1,0.1524,21500,18223,15500,6000,0,0,1,0,0,0,0,0,0,0,0,0.2114,0.0000,0,0,0,0,0,0,0,0,0,0,0,0,0,0,0,0,0,0,0,0,0,0,0,0,0,0,0,0,0,0,0,0,0,0,0,0,0,0,0,,0,0,0,0,0,0,0,0,0,0,0,0,0,0,0,0,0,0,0,0,0,0,0,0,0,0,0,0,0,0,0,0,0,0,0,0,0,0,0,0,0,0,0,0,0,0,0,0,0,1,0,0,0,0,0,0,,0,0,0,0,0,0,,0,0,0,0,0,0,0,0,0,0,0,0,0,0,0,0,0,0,1,1,0,0,0,2,0,0,0,0,0,0,0,0,0,0,0,0,0,0,0,0,0,0,0,0,0,0,0,0,0,0,0,0,0,0,0,0,0,0,0,0.5000,0.5000,2,2,2,2,1,1,1,1,1,3277,3277,15500,18223,236,1,118.5000,0,0,,0,1,1,1,1,0,1,4,0,0,2,1,,,,0,,0,0,0,0,0,,,,,0,0,0,0.0386,29327,0,,0,0,0,29327,0,29327,1,1,1,1,0,1,148,148,148.0000,26050,26050,0.4652,0,,26050,0.4652,1,1,1,0,1,26050,0.4652,734
1647613,20,20,20,141,0,0,0,1,1,1,1,0,6,10,1,9,3,1,0,0,0,0,8,0,1,0,0,3,0,38,1,5,13,27,21,1,3,6,13,,0,0,,,0,0,0,0,0,0,0,0,0,0,0,,,18,0,0,1,5,10,14,2,0,0,1,1,2,2,4,0,11856,0,0,0,0,0,0,0,0,0,0,0,0,0,0,0,0,0,0,0,0,0,0,,1,0,0,0,1,1,1,1,0,0,0,1,3,0,0,0,0,0,3,3,3,3,3,0,0,0,0,0,3,3,3,3,3,1,1,1,1,1,3,3,3,3,3,2,2,2,2,2,0,,0,0,0,0,0,0,,0,0,0,0,0,0,,0,0,0,0,0,1,0,0,0,0,1,0,0,0,0,0,0,0,3,0,0,0,3,31,0,0,0,0,0,3,3,3,10,23,0,0,0,0,1,3,3,3,10,23,1,1,1,1,3,3,3,3,10,22,2,2,2,9,19,,,0,0,0,0,0,0,0,0,0,0,,,0,,,,0,0,,0,0,0,0,0,0,0,0,0,0,,0,,,,0,,0,0,0,0,0,,,,,0,0,0,0.3166,129920,129920,0.5693,1,1,1,129557,129557,0,1,1,1,1,1,5,20,20,20.0000,129557,129557,1.0332,129557,1.0332,0,,1,1,1,1,5,129557,1.0332,403
1386719,51,14,28,128,0,0,0,2,2,2,0,0,1,7,6,1,3,3,2,1,1,1,5,0,1,1,0,1,2,3,0,0,0,0,2,0,0,0,0,0.9066,600,56,600,250,0,0,0,0,0,0,0,0,0,1,0,0.9066,0.9066,1,0,0,1,1,1,1,0,0,0,0,0,0,0,0,0,224,0,0,0,0,0,0,0,0,0,0,0,0,0,0,0,0,0,0,0,0,0,0,,0,0,0,0,0,0,0,2,2,0,0,0,4,0,1,4,4,4,0,1,4,4,4,0,0,0,0,0,0,0,0,0,0,0,0,0,0,0,0,0,0,0,0,0,0,0,0,0,0,2,0,0,2,2,2,0,,0,0,0,0,0,0,2,0,1,2,2,2,0,0,0,0,0,0,0,0,0,0,0,0,0,2,2,0,0,0,4,0,1,4,4,4,0,1,4,4,4,0,0,0,0,0,0,0,0,0,0,0,0,0,0,0,0,0,0,0,0,0,0,0,0,0,1.0000,1.0000,0,0,0,0,0,0,0,0,0,544,544,600,56,38,38,38.0000,1,0,,0,1,1,1,1,0,0,0,0,0,,0,,,,0,,0,0,0,1,11813,51,51,51.0000,0.5975,1,1,1,0.8105,35357,0,,0,0,0,35357,12357,23000,1,1,1,5,0,2,51,14,26.1999,34813,34813,0.8139,11813,0.5975,23000,1.0000,1,1,1,0,1,23000,1.0000,604
1397168,164,17,71,330,0,0,0,3,4,0,0,1,7,15,3,12,5,3,9,1,3,1,1,1,0,1,3,0,3,2,0,1,1,1,2,0,1,1,1,0.5475,60000,27145,103500,900,0,0,0,0,1,1,0,0,0,0,0,0.5964,0.4792,0,0,0,0,0,0,0,0,0,0,0,0,0,0,0,0,0,0,0,0,0,0,0,0,0,0,0,0,0,0,0,0,0,0,0,0,0,0,0,,0,0,0,0,0,0,0,1,1,0,0,0,2,0,0,0,0,1,0,0,0,0,1,0,0,0,0,0,0,0,0,0,0,0,0,0,0,0,0,0,0,0,0,0,0,0,0,0,0,1,0,0,0,0,0,0,2,0,0,0,0,1,0,,0,0,0,0,0,1,0,0,0,0,1,0,0,0,0,0,0,0,4,2,0,0,2,28,0,0,0,0,1,0,0,0,0,1,0,0,0,0,0,0,0,0,0,0,0,0,0,0,0,0,0,0,0,0,0,0,0,0,0,1.0000,1.0000,1,1,1,1,1,1,0,0,0,11981,11981,25000,13019,32,32,32.0000,2,0,,0,1,1,1,1,1,1,6,2,0,9,4,164,17,90.5000,48280,0.1981,1,1,1,0,0,,,,,0,0,0,0.0588,68684,8423,0.0121,0,0,0,60261,27406,32855,1,1,1,0,0,9,,,,0,27406,,0,,0,,0,0,0,0,,0,,776
1174487,,,,24,0,0,0,0,1,0,0,0,0,1,0,1,1,0,0,0,0,0,0,0,0,0,0,0,0,0,0,0,0,0,0,0,0,0,0,,0,0,,,0,0,0,0,0,0,0,0,0,0,0,,,10,0,0,4,7,10,10,2,0,0,0,1,2,2,10,2,3946,3,0,0,0,1,2,0,0,0,0,0,0,0,1,0,0,0,0,0,0,0,3,18,0,0,0,0,0,0,0,0,0,0,0,0,0,0,0,0,0,0,0,0,0,0,0,0,0,0,0,0,0,0,0,0,0,0,0,0,0,0,0,0,0,0,0,0,0,0,0,0,0,,0,0,0,0,0,0,,0,0,0,0,0,0,,0,0,0,0,0,0,0,0,0,0,0,0,0,0,0,0,0,0,0,0,0,0,0,0,0,0,0,0,0,0,0,0,0,0,0,0,0,0,0,0,0,0,0,0,0,0,0,0,0,0,0,0,0,0,0,0,0,0,0,,,0,0,0,0,0,0,0,0,0,0,,,0,,,,0,0,,0,0,0,0,0,0,0,0,0,0,,0,,,,0,,0,0,0,0,0,,,,,0,0,0,1.0000,675,0,,0,0,0,0,0,0,1,1,1,0,0,,,,,0,0,,0,,0,,0,0,0,0,,0,,473
1343986,319,139,229,319,0,0,0,0,0,0,0,0,7,7,2,5,4,2,4,2,2,2,0,1,0,1,2,0,4,0,0,0,0,0,0,0,0,0,0,0.0601,60620,56973,500000,13300,2,0,0,0,0,0,0,0,0,0,0,0.0806,0.0012,0,0,0,0,0,0,0,0,0,0,0,0,0,0,0,0,0,0,0,0,0,0,0,0,0,0,0,0,0,0,0,0,0,0,0,0,0,0,0,,0,0,0,0,0,0,0,0,0,0,0,0,0,0,0,0,0,0,0,0,0,0,0,0,0,0,0,0,0,0,0,0,0,0,0,0,0,0,0,0,0,0,0,0,0,0,0,0,0,1,0,0,0,0,0,0,,0,0,0,0,0,0,,0,0,0,0,0,0,0,0,0,0,0,0,0,0,0,0,0,0,0,0,0,0,0,0,0,0,0,0,0,0,0,0,0,0,0,0,0,0,0,0,0,0,0,0,0,0,0,0,0,0,0,0,0,0,0,0,0,0,0,1.0000,1.0000,2,2,2,2,2,2,0,0,0,3647,3627,45000,56973,319,139,229.0000,0,0,,0,1,1,1,1,0,1,3,0,0,1,0,,,,0,,0,0,0,0,0,,,,,0,0,0,0.0043,3647,0,,0,0,0,3647,0,3647,1,1,1,0,0,,,,,0,0,,0,,0,,0,0,0,0,,0,,823
1336958,269,3,128,269,1,1,3,2,2,3,4,7,11,32,7,25,4,3,24,4,3,1,0,1,0,1,7,0,15,4,0,0,2,3,3,0,0,2,2,0.0951,212000,191828,75000,200,3,0,1,0,0,0,0,0,0,0,0,0.2506,0.0095,0,0,0,0,0,0,0,0,0,0,0,0,0,0,0,0,0,0,0,0,0,0,0,0,0,0,0,0,0,0,0,0,0,0,0,0,0,0,0,,0,0,0,0,0,0,0,0,0,0,0,0,0,0,0,0,0,0,0,0,0,0,0,0,0,0,0,0,0,0,0,0,0,0,0,0,0,0,0,0,0,0,0,0,0,0,0,0,0,1,0,0,0,0,0,0,1,0,0,0,0,0,0,,0,0,0,0,0,0,0,0,0,0,0,0,0,0,0,0,0,0,0,0,0,0,0,0,0,0,0,0,0,0,0,0,0,0,0,0,0,0,0,0,0,0,0,0,0,0,0,0,0,0,0,0,0,0,0,0,0,0,0,1.0000,1.0000,4,4,4,4,4,4,0,0,2,20224,18796,75000,191828,269,64,169.5999,0,0,,0,1,1,1,1,1,1,7,2,0,1,0,47,3,25.0000,1312795,0.9300,1,1,1,0,0,,,,,0,0,0,0.2221,1333019,0,,0,0,0,1333019,0,1333019,1,1,1,0,0,,,,,0,1312795,,0,,0,,0,0,0,0,,0,,781
921766,,,,30,1,0,0,1,2,0,0,0,0,3,0,3,2,0,1,0,1,0,2,0,0,1,0,0,1,0,0,0,0,0,0,0,0,0,0,,0,0,300,300,0,0,0,0,0,0,0,0,0,0,0,,,3,0,0,1,2,3,3,2,0,0,1,2,2,2,0,0,769,0,0,0,0,0,0,0,0,0,0,0,0,0,0,0,0,0,0,0,0,0,0,,0,0,0,0,0,0,0,0,0,0,0,0,0,0,0,0,0,0,0,0,0,0,0,0,0,0,0,0,0,0,0,0,0,0,0,0,0,0,0,0,0,0,0,0,0,0,0,0,0,,0,0,0,0,0,0,,0,0,0,0,0,0,,0,0,0,0,0,1,0,0,1,1,1,1,0,0,1,1,1,0,2,0,0,0,2,18,0,0,0,0,0,0,6,18,18,18,0,0,0,0,0,0,6,18,18,18,0,0,2,2,2,0,6,18,18,18,0,6,16,16,16,,,0,0,0,0,0,0,0,0,0,0,0,300,0,,,,1,0,,0,0,0,0,1,0,0,0,0,0,,0,,,,0,,0,0,0,0,0,,,,,0,0,0,0.0000,0,0,0.0000,0,0,0,0,0,0,0,0,1,0,0,5,,,,0,0,,0,,0,,0,0,1,1,5,0,,464
941500,,,,21,0,0,0,1,0,0,0,0,0,1,0,1,1,0,1,0,1,0,0,0,0,0,0,0,0,2,0,0,0,2,1,0,0,0,1,,0,0,,,0,0,0,0,0,0,0,0,0,0,0,,,2,0,0,0,1,2,2,1,0,0,0,0,1,1,0,0,255,0,0,0,0,0,0,0,0,0,0,0,0,0,0,0,0,0,0,0,0,0,0,,0,0,0,0,0,0,0,0,0,0,0,0,0,0,0,0,0,0,0,0,0,0,0,0,0,0,0,0,0,0,0,0,0,0,0,0,0,0,0,0,0,0,0,0,0,0,0,0,0,,0,0,0,0,0,0,,0,0,0,0,0,0,,0,0,0,0,0,1,0,0,1,1,1,0,0,0,0,0,0,0,0,0,0,0,0,0,0,0,0,0,0,0,0,0,0,0,0,0,0,0,0,0,0,0,0,0,0,0,0,0,0,0,0,0,0,0,0,0,0,0,0,,,0,0,0,0,0,0,0,0,0,203,203,,0,,,,1,0,,0,0,0,0,1,0,0,0,0,0,,0,,,,0,,0,0,0,0,0,,,,,0,0,0,1.0000,203,203,1.0000,0,0,0,0,0,0,0,0,1,0,0,,,,,0,0,,0,,0,,0,0,0,0,,0,,514
1176173,62,61,61,239,1,0,0,0,0,0,7,3,2,12,2,10,4,1,8,0,2,0,4,0,1,1,0,3,3,1,1,1,1,1,1,1,1,1,1,,0,0,6500,100,0,0,0,0,0,0,0,0,0,0,0,,,0,0,0,0,0,0,0,0,0,0,0,0,0,0,0,0,0,1,0,0,0,0,1,1,1,0,0,0,1,1,0,0,0,0,0,0,0,0,1,58,2,0,0,0,0,0,0,0,0,0,0,0,0,0,0,0,0,0,0,0,0,0,0,0,0,0,0,0,0,0,0,0,0,0,0,0,0,0,0,0,0,0,0,0,0,0,0,0,0,,0,0,0,0,0,0,,0,0,0,0,0,0,7,0,0,0,0,0,0,0,0,0,0,0,0,0,0,0,0,0,0,0,0,0,0,0,0,0,0,0,0,0,0,0,0,0,0,0,0,0,0,0,0,0,0,0,0,0,0,0,0,0,0,0,0,0,0,0,0,0,0,0,,,0,0,0,0,0,0,0,0,0,0,0,6500,0,,,,3,0,,0,0,1,1,1,0,0,0,0,0,,0,,,,0,,0,0,0,1,0,62,61,61.5000,0.0000,1,1,1,0.0000,0,0,0.0000,2,2,2,0,0,0,1,1,1,2,2,7,62,61,61.5000,0,0,0.0000,0,0.0000,0,,1,1,1,0,,0,,583
1532554,24,13,18,25,0,0,0,1,2,0,0,0,0,3,2,1,3,2,2,1,2,1,1,0,0,1,0,0,1,0,0,0,0,0,0,0,0,0,0,0.9114,700,62,700,250,0,0,0,0,0,0,0,0,0,1,0,0.9114,0.9114,0,0,0,0,0,0,0,0,0,0,0,0,0,0,0,0,0,0,0,0,0,0,0,0,0,0,0,0,0,0,0,0,0,0,0,0,0,0,0,,0,0,0,0,0,0,0,0,0,0,0,0,0,0,0,0,0,0,0,0,0,0,0,0,0,0,0,0,0,0,0,0,0,0,0,0,0,0,0,0,0,0,0,0,0,0,0,0,0,1,0,0,0,0,0,0,,0,0,0,0,0,0,,0,0,0,0,0,0,0,0,0,0,0,0,0,0,0,0,0,0,0,0,0,0,0,0,0,0,0,0,0,0,0,0,0,0,0,0,0,0,0,0,0,0,0,0,0,0,0,0,0,0,0,0,0,0,0,0,0,0,0,1.0000,1.0000,0,0,0,0,0,0,0,0,0,638,638,700,62,13,13,13.0000,0,0,,0,1,1,1,1,0,0,0,0,0,,0,,,,0,,0,0,0,0,0,,,,,0,0,0,0.3681,740,0,,0,0,0,740,0,740,1,1,1,1,0,1,24,24,24.0000,102,102,0.0962,0,,102,0.0962,1,1,1,0,,0,,652
805788,60,2,32,60,0,1,1,1,3,2,2,0,0,9,6,3,4,4,5,3,2,2,4,0,1,1,0,2,5,18,8,8,11,16,7,1,1,4,6,0.5244,6100,2901,5000,300,1,0,0,0,1,0,1,0,0,0,0,0.6106,0.0250,0,0,0,0,0,0,0,0,0,0,0,0,0,0,0,0,0,1,0,0,0,0,0,1,0,0,0,0,0,1,0,0,0,0,0,0,0,0,0,70,0,0,0,0,0,0,0,1,0,1,0,0,3,0,0,1,2,2,0,0,2,3,3,0,0,1,1,1,0,0,1,1,1,0,0,0,0,0,0,0,0,0,0,0,0,0,0,0,0,3,0,0,2,3,3,0,,0,0,0,0,0,0,1,0,0,0,0,0,0,0,0,0,0,0,0,0,0,0,0,0,0,1,0,1,0,0,3,0,0,1,2,2,0,0,2,3,3,0,0,1,1,1,0,0,1,1,1,0,0,0,0,0,0,0,0,0,0,0,0,0,0,0,1.0000,1.0000,1,1,1,0,0,0,1,1,1,3199,3053,5000,2901,60,2,29.0000,1,0,,0,1,1,1,1,0,0,0,0,0,,0,,,,0,,0,0,0,1,26993,38,20,29.0000,0.9094,0,0,1,0.7226,30192,0,,0,0,0,30192,20,30172,1,1,1,3,0,1,51,20,36.3333,26993,26993,0.9094,0,,26993,0.9094,0,0,1,0,,0,,632
1661548,,,,46,0,0,0,1,0,2,0,0,0,3,0,3,2,0,0,0,0,0,3,0,0,0,0,0,0,11,2,2,2,4,6,1,1,1,2,,0,0,,,0,0,0,0,0,0,0,0,0,0,0,,,3,0,0,0,2,3,3,0,0,0,0,0,0,0,0,0,2786,0,0,0,0,0,0,0,0,0,0,0,0,0,0,0,0,0,0,0,0,0,0,,0,0,0,0,0,0,0,0,0,0,0,0,0,0,0,0,0,0,0,0,0,0,0,0,0,0,0,0,0,0,0,0,0,0,0,0,0,0,0,0,0,0,0,0,0,0,0,0,0,,0,0,0,0,0,0,,0,0,0,0,0,0,,0,0,0,0,0,0,0,0,0,0,0,0,0,0,0,0,0,0,1,0,1,0,0,9,0,0,4,7,7,0,0,6,9,9,0,0,2,2,2,0,0,2,2,2,0,0,0,0,0,0,0,0,0,0,0,0,0,0,0,,,0,0,0,0,0,0,0,0,0,0,,,0,,,,0,0,,0,0,0,0,0,0,0,0,0,0,,0,,,,0,,0,0,0,0,0,,,,,0,0,0,0.0000,0,0,,0,0,0,0,0,0,0,0,1,0,0,3,,,,0,0,,0,,0,,0,0,1,0,,0,,546
837308,119,10,48,131,0,0,1,1,2,2,12,15,7,40,3,37,6,3,0,0,0,0,40,0,1,0,0,5,0,19,0,0,4,6,11,0,0,3,4,,0,0,,,0,0,0,0,0,0,0,0,0,0,0,,,0,0,0,0,0,0,0,0,0,0,0,0,0,0,0,0,0,2,0,0,0,0,1,0,0,0,0,0,0,0,1,1,0,0,0,0,0,0,1,52,1,1,0,0,0,0,0,1,1,0,0,0,2,2,2,2,2,2,2,2,2,2,2,0,0,0,0,0,0,0,0,0,0,0,0,0,0,0,0,0,0,0,0,0,0,0,0,0,0,,0,0,0,0,0,0,,0,0,0,0,0,0,1,0,0,0,0,0,7,0,0,0,0,3,0,0,0,0,0,0,0,6,6,0,0,0,11,2,2,2,2,2,2,2,2,2,2,0,0,0,0,0,0,0,0,0,0,0,0,0,0,0,0,0,0,0,0,0,0,0,0,0,,,0,0,0,0,0,0,0,0,0,0,,,0,,,,0,0,,0,0,0,0,0,0,0,0,0,0,,0,,,,0,,0,0,0,1,13983,17,17,17.0000,0.7727,1,1,1,0.2591,29977,15994,0.4443,1,1,1,14605,622,13983,1,1,1,3,1,9,119,10,48.6666,14605,14605,0.7640,622,0.6098,13983,0.7727,1,1,1,0,,0,,584
1521828,183,44,119,185,1,0,0,3,0,7,1,2,18,31,8,23,5,3,28,8,3,3,1,1,1,1,2,1,13,2,0,0,0,0,1,0,0,0,0,0.0675,54900,50537,29000,224,7,0,0,0,0,0,0,0,0,0,0,0.0902,0.0042,0,0,0,0,0,0,0,0,0,0,0,0,0,0,0,0,0,0,0,0,0,0,0,0,0,0,0,0,0,0,0,0,0,0,0,0,0,0,0,,0,0,0,0,0,0,0,0,0,0,0,0,0,0,0,0,0,0,0,0,0,0,0,0,0,0,0,0,0,0,0,0,0,0,0,0,0,0,0,0,0,0,0,0,0,0,0,0,0,1,0,0,0,0,0,0,,0,0,0,0,0,0,,0,0,0,0,0,0,0,0,0,0,0,0,0,0,0,0,0,0,1,1,0,0,0,1,0,0,0,0,1,0,0,0,0,1,0,0,0,0,0,0,0,0,0,0,0,0,0,0,0,0,0,0,0,0,0,0,0,0,0,0.8750,0.8750,7,5,5,2,1,1,0,0,0,3663,2404,29000,50537,183,44,119.2500,1,0,,0,1,1,1,1,0,1,2,0,0,1,0,,,,0,,0,0,0,0,0,,,,,0,0,0,0.0045,3663,0,,0,0,0,3663,0,3663,1,1,1,0,0,1,,,,0,0,,0,,0,,0,0,0,0,,0,,818
1471325,163,163,163,210,1,0,1,0,1,1,0,3,9,15,1,14,5,1,10,0,2,0,2,1,1,1,1,2,4,0,0,0,0,0,0,0,0,0,0,,0,0,90000,100,0,0,0,0,0,0,0,0,0,0,0,,,0,0,0,0,0,0,0,0,0,0,0,0,0,0,0,0,0,0,0,0,0,0,0,0,0,0,0,0,0,0,0,0,0,0,0,0,0,0,0,,0,0,0,0,0,0,0,0,0,0,0,0,0,0,0,0,0,0,0,0,0,0,0,0,0,0,0,0,0,0,0,0,0,0,0,0,0,0,0,0,0,0,0,0,0,0,0,0,0,,0,0,0,0,0,0,1,0,0,0,0,0,0,,0,0,0,0,0,0,0,0,0,0,0,0,0,0,0,0,0,0,6,3,3,0,0,9,1,1,1,2,4,1,1,1,2,5,0,0,0,0,1,0,0,0,0,1,0,0,0,0,0,0,0,0,0,0,0,0,0,0,0,,,0,0,0,0,0,0,0,0,1,0,0,5200,0,,,,4,0,,0,0,1,1,1,1,1,3,1,0,1,0,163,163,163.0000,204995,0.7400,1,1,1,0,0,,,,,0,0,0,0.4087,204995,0,,0,0,0,204995,0,204995,1,1,1,0,0,3,,,,0,204995,,0,,0,,0,0,0,0,,0,,741
1596863,93,4,38,147,0,1,1,1,0,3,1,3,2,11,3,8,4,2,5,2,2,1,6,0,1,1,0,6,4,0,0,0,0,0,0,0,0,0,0,0.4532,11500,6288,11000,500,0,0,0,0,1,0,0,0,0,0,0,0.4738,0.0000,2,0,0,0,1,1,2,0,0,0,0,0,0,0,0,0,1844,0,0,0,0,0,0,0,0,0,0,0,0,0,0,0,0,0,0,0,0,0,0,,0,0,0,0,0,0,0,0,0,0,0,0,0,0,0,0,0,0,0,0,0,0,0,0,0,0,0,0,0,0,0,0,0,0,0,0,0,0,0,0,0,0,0,0,0,0,0,0,0,1,0,0,0,0,0,0,,0,0,0,0,0,0,1,0,0,0,0,0,1,0,0,0,1,1,0,0,0,0,0,0,0,0,0,0,0,0,0,0,0,0,0,0,0,0,0,0,0,0,0,0,0,0,0,0,0,0,0,0,0,0,0,0,0,0,0,0,0,0,0,0,0,0,0.5000,0.5000,1,1,1,1,1,0,0,1,1,5212,5212,11000,6288,93,4,48.5000,1,0,,0,1,1,1,1,0,0,0,0,0,,0,,,,0,,0,0,0,1,15820,17,17,17.0000,0.8328,1,1,1,0.1835,21032,0,0.0000,0,0,0,21032,0,21032,1,1,1,1,0,1,17,17,17.0000,15820,15820,0.8328,0,,15820,0.8328,1,1,1,0,,0,,679
1164770,313,313,313,336,1,0,2,0,0,0,1,2,8,13,1,12,4,1,12,1,3,1,0,1,0,1,1,0,10,0,0,0,0,0,0,0,0,0,0,0.0608,13500,12679,14500,700,1,0,0,0,0,0,0,0,0,0,0,0.0608,0.0608,0,0,0,0,0,0,0,0,0,0,0,0,0,0,0,0,0,0,0,0,0,0,0,0,0,0,0,0,0,0,0,0,0,0,0,0,0,0,0,,0,0,0,0,0,0,0,0,0,0,0,0,0,0,0,0,0,0,0,0,0,0,0,0,0,0,0,0,0,0,0,0,0,0,0,0,0,0,0,0,0,0,0,0,0,0,0,0,0,1,0,0,0,0,0,0,,0,0,0,0,0,0,,0,0,0,0,0,0,0,0,0,0,0,0,0,0,0,0,0,0,0,0,0,0,0,0,0,0,0,0,0,0,0,0,0,0,0,0,0,0,0,0,0,0,0,0,0,0,0,0,0,0,0,0,0,0,0,0,0,0,0,1.0000,1.0000,1,1,1,1,1,0,0,0,2,821,821,14500,12679,313,313,313.0000,0,0,,0,1,1,1,1,0,1,1,0,0,1,0,,,,0,,0,0,0,0,0,,,,,0,0,0,0.0030,821,0,,0,0,0,821,0,821,1,1,1,0,0,,,,,0,0,,0,,0,,0,0,0,0,,0,,829
